clue,explanation,clue_url,explanation_url,clue_created_at,explanation_created_at
"Initially, Jacksonville Union (major biweekly) launches easy newspaper puzzle (6)","Take the first letters (â€œinitiallyâ€) of the next 6 words in the clue to get JUMBLE, my dadâ€™s favorite â€œnewspaper puzzle.â€",https://twitter.com/stellaphone/status/1628720984722231298,https://twitter.com/stellaphone/status/1629088539982831623,2023-02-23 11:38:37+00:00,2023-02-24 11:59:09+00:00
"Whirled, front to back, generating reasons to groan (4)",Take SPUN (â€œwhirledâ€) and move the first letter to the end (â€œfront to backâ€) to get PUNS. Dad loved the worst ones possible.,https://twitter.com/stellaphone/status/1628352545033793538,https://twitter.com/stellaphone/status/1629088280703533058,2023-02-22 11:14:34+00:00,2023-02-24 11:58:07+00:00
"For the audience, show reverence for Pixar short (3)","Dad wasnâ€™t Chinese, but he married into a Chinese family, and boy could he inhale some BAO (â€œPixar shortâ€), which is a homophone (â€œfor the audienceâ€) of BOW (â€œshow reverenceâ€).",https://twitter.com/stellaphone/status/1628007531661430784,https://twitter.com/stellaphone/status/1629088072645201920,2023-02-21 12:23:37+00:00,2023-02-24 11:57:18+00:00
"Hi, a psycho remade cookies (5,4)","â€œRemake,â€ or anagram, HI A PSYCHO to get CHIPS AHOY, a beloved brand of â€œcookiesâ€ to my dad.",https://twitter.com/stellaphone/status/1627647618221318146,https://twitter.com/stellaphone/status/1629087831149649927,2023-02-20 12:33:27+00:00,2023-02-24 11:56:20+00:00
"Oddly, Conan creates network (3)","Dadâ€™s favorite thing to watch (besides any baseball or football game, that is) was CNN (â€œnetworkâ€), which is â€œoddly, Conan,â€ i.e., the odd letters of CONAN.",https://twitter.com/stellaphone/status/1627281637917577217,https://twitter.com/stellaphone/status/1629087660701585408,2023-02-19 12:19:10+00:00,2023-02-24 11:55:39+00:00
Baseball teamâ€™s wild parties (7),"Dad was a Phils fan from living in Philly for more than 50 years, but he still loved his hometown PIRATES (â€œbaseball teamâ€), which is an anagram (â€œwildâ€) of PARTIES.",https://twitter.com/stellaphone/status/1626915256827084800,https://twitter.com/stellaphone/status/1629087329934606338,2023-02-18 12:03:18+00:00,2023-02-24 11:54:21+00:00
British conservative chasing that guyâ€™s past (7),"Dad liked to read about HISTORY (â€œpastâ€), which is TORY (â€œBritish conservativeâ€) â€œchasing,â€ or after, HIS (â€œthat guyâ€™sâ€).",https://twitter.com/stellaphone/status/1626559793715453952,https://twitter.com/stellaphone/status/1629087101059796994,2023-02-17 12:30:49+00:00,2023-02-24 11:53:26+00:00
Oscar-winning director took in â€œLove Countryâ€ (8),"When CAMERON (â€œOscar-winning directorâ€) â€œtakes inâ€ O (â€œlove,â€ or a zero in tennis), you get CAMEROON (â€œcountryâ€).",https://twitter.com/stellaphone/status/1626193939815342081,https://twitter.com/stellaphone/status/1626412433844629504,2023-02-16 12:17:03+00:00,2023-02-17 02:45:16+00:00
Comment about Gospel book (6),"REMARK (â€œcommentâ€) comes from RE (â€œabout,â€ as in â€œre:â€) plus MARK, a â€œGospel book.â€",https://twitter.com/stellaphone/status/1625814540255387651,https://twitter.com/stellaphone/status/1626412226197262339,2023-02-15 11:09:27+00:00,2023-02-17 02:44:26+00:00
"Drive demon, alien, and American (7)","IMPETUS is the â€œdriveâ€ you get from IMP (â€œdemonâ€), ET (â€œalienâ€), and US (â€œAmericanâ€).",https://twitter.com/stellaphone/status/1625461050618351616,https://twitter.com/stellaphone/status/1626412042293850113,2023-02-14 11:44:48+00:00,2023-02-17 02:43:42+00:00
"Her mystic, convoluted science (9)",Anagram (â€œconvolutedâ€) HER MYSTIC to get the â€œscienceâ€ of CHEMISTRY.,https://twitter.com/stellaphone/status/1625090263994585088,https://twitter.com/stellaphone/status/1626411869165522944,2023-02-13 11:11:26+00:00,2023-02-17 02:43:01+00:00
"Birds and dogs, first off (6)","â€œBirdsâ€ could have meant only one thing on Super Bowl Sunday: EAGLES, which you get from BEAGLES with its first letter dropped (â€œfirst offâ€).",https://twitter.com/stellaphone/status/1624745269165273088,https://twitter.com/stellaphone/status/1626411753855762432,2023-02-12 12:20:33+00:00,2023-02-17 02:42:34+00:00
"Chop up and redistribute cinder for Christian tradition (6,5)","â€œChop up and redistribute cinderâ€ means â€œtake the letters in the word CINDER and redistribute them (sometimes more than once)â€ to make NICENE CREED, a â€œChristian tradition.â€",https://twitter.com/stellaphone/status/1624431744903442432,https://twitter.com/stellaphone/status/1626411545226883072,2023-02-11 15:34:43+00:00,2023-02-17 02:41:44+00:00
"Standard dog, say, going around a barrier (7)","As you might imagine, my mood has a lot of ups and downs right now so Iâ€™m going to start  a little early while Iâ€™m in an upswing.

PAR PET (â€œstandardâ€ and â€œdog, say,â€ respectively) going â€œaroundâ€ the letter A gives PARAPET, a â€œbarrier.â€",https://twitter.com/stellaphone/status/1624012762866221056,https://twitter.com/stellaphone/status/1626411113985318914,2023-02-10 11:49:50+00:00,2023-02-17 02:40:01+00:00
St. Petersburg museum doesnâ€™t include Mussorgskyâ€™s top tradition (8),"When HERMITAGE (â€œSt. Petersburg museumâ€) â€œdoesnâ€™t includeâ€ the letter M (â€œMussorgskyâ€™s top,â€ or the first letter of MUSSORGSKY), you get HERITAGE (â€œtraditionâ€).",https://twitter.com/stellaphone/status/1623639685955260417,https://twitter.com/stellaphone/status/1624012568623824896,2023-02-09 11:07:21+00:00,2023-02-10 11:49:03+00:00
Cooked feta treatsâ€™ lingering flavor (10),"â€œCook,â€ or anagram, FETA TREATS to get AFTERTASTE (â€œlingering flavorâ€).",https://twitter.com/stellaphone/status/1623277257111339011,https://twitter.com/stellaphone/status/1624012253048471553,2023-02-08 11:07:11+00:00,2023-02-10 11:47:48+00:00
"Yes, German particle generates Irish whiskey (7)","I noticed at a bar the other night that JA (â€œYes, German,â€ or â€œyesâ€ in German) plus MESON (a type of â€œparticleâ€) â€œgeneratesâ€ JAMESON, an â€œIrish whiskey.â€",https://twitter.com/stellaphone/status/1622925155533045765,https://twitter.com/stellaphone/status/1624012053793984513,2023-02-07 11:48:04+00:00,2023-02-10 11:47:00+00:00
Party to a lawsuit and straightforward fight (9),PLAIN (â€œstraightforwardâ€) plus TIFF (â€œfightâ€) gives you PLAINTIFF (â€œparty to a lawsuitâ€).,https://twitter.com/stellaphone/status/1622552208091844609,https://twitter.com/stellaphone/status/1624011725811986433,2023-02-06 11:06:06+00:00,2023-02-10 11:45:42+00:00
Nanaâ€™s award (6),"In this double definition, GRAMMY is both â€œNanaâ€ and an â€œaward.â€",https://twitter.com/stellaphone/status/1622210003921666049,https://twitter.com/stellaphone/status/1624011454369173505,2023-02-05 12:26:18+00:00,2023-02-10 11:44:38+00:00
Emil receiving a missive (5),"When EMIL â€œreceives,â€ or takes in, the letter A, you get EMAIL (â€œmissiveâ€).",https://twitter.com/stellaphone/status/1621845773536182274,https://twitter.com/stellaphone/status/1624011337587097608,2023-02-04 12:18:59+00:00,2023-02-10 11:44:10+00:00
"Tourist trapâ€™s marquee sits in ruins (5,6)","So I gotta explainâ€¦

When you anagram (â€œin ruinsâ€) MARQUEE SITS, you get TIMES SQUARE, a â€œtourist trap.â€",https://twitter.com/stellaphone/status/1621476030052536320,https://twitter.com/stellaphone/status/1624011148906438657,2023-02-03 11:49:45+00:00,2023-02-10 11:43:25+00:00
Small piece of furniture is solid (6),S (â€œsmallâ€) plus TABLE (â€œpiece of furnitureâ€) is STABLE (â€œsolidâ€).,https://twitter.com/stellaphone/status/1621102674216357889,https://twitter.com/stellaphone/status/1621475753069010945,2023-02-02 11:06:10+00:00,2023-02-03 11:48:39+00:00
Head off artisanâ€™s animal (5),"Take the â€œhead off,â€ or remove the first letter of, POTTER (â€œartisanâ€) to get OTTER (â€œanimalâ€).",https://twitter.com/stellaphone/status/1620740633198751744,https://twitter.com/stellaphone/status/1621475570428035073,2023-02-01 11:07:33+00:00,2023-02-03 11:47:56+00:00
Topless ladiesâ€™ dancing assistants (5),Remove the first letter (â€œtoplessâ€) of LADIES to get ADIES. Anagram that (â€œdancingâ€) to get AIDES (â€œassistantsâ€).,https://twitter.com/stellaphone/status/1620387290882412544,https://twitter.com/stellaphone/status/1621475421601632256,2023-01-31 11:43:30+00:00,2023-02-03 11:47:20+00:00
"Drop trou, grabbing top half of vest, and do something else (4,2)","When MOON (â€œdrop trouâ€) â€œgrabsâ€ VE (â€œtop half of vest,â€ or the first half of the word VEST), you get MOVE ON (â€œdo something elseâ€).",https://twitter.com/stellaphone/status/1620016002233942016,https://twitter.com/stellaphone/status/1621475218790268928,2023-01-30 11:08:08+00:00,2023-02-03 11:46:32+00:00
"Lyrics, back to front, becoming something sharp (5)",Take WORDS (â€œlyricsâ€) and move the last letter to the front (â€œback to frontâ€) to get SWORD (â€œsomething sharpâ€).,https://twitter.com/stellaphone/status/1619682337675165696,https://twitter.com/stellaphone/status/1621474900954202113,2023-01-29 13:02:16+00:00,2023-02-03 11:45:16+00:00
Reconfigured a metal item in a wrapper (6),"â€œReconfigure,â€ or anagram, A METAL to get TAMALE, an â€œitem in a wrapper.â€",https://twitter.com/stellaphone/status/1619312228238499840,https://twitter.com/stellaphone/status/1621474231807516673,2023-01-28 12:31:35+00:00,2023-02-03 11:42:37+00:00
"Assignment having, itâ€™s said, aggressive persuasion tactic (9)","Oof, I donâ€™t think Iâ€™ve ever had an 0-fer! JAWBONING is the â€œaggressive persuasion tacticâ€ thatâ€™s a homophone (â€œitâ€™s saidâ€) of JOB OWNING (â€œassignment havingâ€).",https://twitter.com/stellaphone/status/1618940313112031233,https://twitter.com/stellaphone/status/1621474075175534592,2023-01-27 11:53:43+00:00,2023-02-03 11:41:59+00:00
Ugh I fucked up the enumeration AGAIN. Should be (7) as @lilygeller has pointed out. Sry ğŸ˜– https://t.co/X3f8w4MpIQ,"â€œAgitate,â€ or anagram, TO ARGUE to get OUTRAGE (â€œindignationâ€). Also, two screwed-up enumerations in one week is an OUTRAGE!",https://twitter.com/stellaphone/status/1616069669705637891,https://twitter.com/stellaphone/status/1616402545118691328,2023-01-19 13:46:49+00:00,2023-01-20 11:49:32+00:00
Services excluding top three bad behaviors (5),â€œExcludeâ€ the â€œtop threeâ€ letters of SERVICES to get VICES (â€œbad behaviorsâ€).,https://twitter.com/stellaphone/status/1615667419787460608,https://twitter.com/stellaphone/status/1616402267959066624,2023-01-18 11:08:25+00:00,2023-01-20 11:48:26+00:00
Threaten guys with big club? (6),"MEN (â€œguysâ€) â€œwithâ€ ACE (â€œbig club,â€ as in a cardâ€”which of course need not be from the suit of clubsâ€”with a high value) gives you MENACE (â€œthreatenâ€). The question mark indicates the non-literal definition of ACE in the wordplay.",https://twitter.com/stellaphone/status/1615314743425921026,https://twitter.com/stellaphone/status/1616402122882580483,2023-01-17 11:47:00+00:00,2023-01-20 11:47:52+00:00
Civilization in California (4),"INCA is the â€œcivilizationâ€ you get from IN (given in the clue) plus CA, the abbreviation for â€œCalifornia.â€",https://twitter.com/stellaphone/status/1614980653304487938,https://twitter.com/stellaphone/status/1616401600406523907,2023-01-16 13:39:27+00:00,2023-01-20 11:45:47+00:00
"Forest area conceals red, dead body (6)","CORPSE is the â€œdead bodyâ€ you get when COPSE (â€œforest areaâ€) â€œconcealsâ€ R (â€œred,â€ as in RGB or ROY G. BIV).",https://twitter.com/stellaphone/status/1614611888125480961,https://twitter.com/stellaphone/status/1616401424954400769,2023-01-15 13:14:06+00:00,2023-01-20 11:45:05+00:00
Itâ€™s essential to most exasperated state (5),"I was in TEXAS (â€œstateâ€) when I wrote this clue! TEXAS is â€œessential to,â€ or hidden in, â€œmosT EXASperated.â€",https://twitter.com/stellaphone/status/1614246676197265408,https://twitter.com/stellaphone/status/1616401189356306433,2023-01-14 13:02:53+00:00,2023-01-20 11:44:09+00:00
"Ugh yes sorry enumeration on this should be (8), this is what I get for writing cryptic clues while sleepy. #crypticclueaday https://t.co/RaTTMVGO8B","Explanation time! PARCELLS (â€œcoachâ€) is PARCELS (â€œpackagesâ€) â€œcontainingâ€ L (â€œletter opener,â€ or the opening letter of LETTER).",https://twitter.com/stellaphone/status/1613872362901934089,https://twitter.com/stellaphone/status/1616400990852517888,2023-01-13 12:15:30+00:00,2023-01-20 11:43:22+00:00
Flirtation is poor â€œSurvivorâ€ strategy (9),"DALLIANCE (â€œflirtationâ€) is D (â€œpoor,â€ as in the letter grade) plus ALLIANCE (â€œâ€˜Survivorâ€™ strategyâ€).",https://twitter.com/stellaphone/status/1613508994156605442,https://twitter.com/stellaphone/status/1613854454528487427,2023-01-12 12:11:36+00:00,2023-01-13 11:04:20+00:00
Does sightseeing in French city (5),"In this double definition, TOURS is both â€œdoes sightseeingâ€ and a â€œFrench city.â€ If clues have seemed France-heavy this week, itâ€™s because Iâ€™m reading Hilary Mantelâ€™s â€œA Place of Greater Safety.â€",https://twitter.com/stellaphone/status/1613130503325995008,https://twitter.com/stellaphone/status/1613854221224513538,2023-01-11 11:07:37+00:00,2023-01-13 11:03:24+00:00
Rooney or Kate is building Paris district (6),"MARA (â€œRooney or Kate,â€ i.e., the last name of actresses Rooney and Kate) plus IS (given in the clue) â€œbuildsâ€ the â€œParis districtâ€ of MARAIS.",https://twitter.com/stellaphone/status/1612779160677613568,https://twitter.com/stellaphone/status/1613853920698462208,2023-01-10 11:51:30+00:00,2023-01-13 11:02:13+00:00
Cocktail essential to Montenegro nightlife (7),"The â€œcocktailâ€ that is â€œessential to,â€ or hidden in the phrase, â€œmonteNEGRO NIghtlife,â€ is a NEGRONI.",https://twitter.com/stellaphone/status/1612405779104923649,https://twitter.com/stellaphone/status/1613853665420533760,2023-01-09 11:07:49+00:00,2023-01-13 11:01:12+00:00
NYC museum acquires â€œLove Aquamanâ€ (5),"When MOMA (â€œNYC museumâ€) â€œacquiresâ€ another O (â€œlove,â€ a zero in tennis; variations on zero are common ways to clue O, also a round character), you get (Jason) MOMOA (â€œAquamanâ€).",https://twitter.com/stellaphone/status/1612069931889356800,https://twitter.com/stellaphone/status/1613853492065751041,2023-01-08 12:53:17+00:00,2023-01-13 11:00:31+00:00
"However, pop icon is expert with a knife (7)",BUT (â€œhoweverâ€) plus â€œpop iconâ€ CHER is BUTCHER (â€œexpert with a knifeâ€).,https://twitter.com/stellaphone/status/1611702481502994432,https://twitter.com/stellaphone/status/1613852975985827842,2023-01-07 12:33:10+00:00,2023-01-13 10:58:28+00:00
"Part of Louisianaâ€™s standard, kind of (6)",Itâ€™s ! PARISH (â€œpart of Louisianaâ€) is PAR (â€œstandardâ€) plus ISH (â€œkind ofâ€).,https://twitter.com/stellaphone/status/1611329917039562752,https://twitter.com/stellaphone/status/1613852774856364032,2023-01-06 11:52:43+00:00,2023-01-13 10:57:40+00:00
Poetry about a sick French residence (10),VERSES is â€œpoetryâ€; put it â€œaboutâ€ (around) A ILL (â€œa sickâ€) to get the â€œFrench residenceâ€ of VERSAILLES.,https://twitter.com/stellaphone/status/1610991376035889153,https://twitter.com/stellaphone/status/1611329612679618560,2023-01-05 13:27:29+00:00,2023-01-06 11:51:31+00:00
"Cosmo, say, obtained something gross (6)","The â€œsomething grossâ€ here is a MAGGOT, which you get from MAG (â€œCosmo, sayâ€) plus GOT (â€œobtainedâ€).",https://twitter.com/stellaphone/status/1610594190915932161,https://twitter.com/stellaphone/status/1611329334115024896,2023-01-04 11:09:13+00:00,2023-01-06 11:50:24+00:00
NYC neighborhood wanderer (5),Double definition: NOMAD is both a â€œwandererâ€ and a â€œNYC neighborhood.â€,https://twitter.com/stellaphone/status/1610240433896165376,https://twitter.com/stellaphone/status/1611329119588950018,2023-01-03 11:43:30+00:00,2023-01-06 11:49:33+00:00
"Albert, good to go, returned car (5)","Take AL (â€œAlbertâ€) and SET (â€œgood to goâ€) and reverse them (â€œreturnedâ€) to get TESLA, a â€œcar.â€",https://twitter.com/stellaphone/status/1609868708200988673,https://twitter.com/stellaphone/status/1611328904068734976,2023-01-02 11:06:24+00:00,2023-01-06 11:48:42+00:00
Inside effigy mounds is where everyone's headed today (3),"Hidden â€œinsideâ€ â€œeffiGY Moundsâ€ is GYM, â€œwhere everyoneâ€™s headed today.â€",https://twitter.com/stellaphone/status/1609552622532587522,https://twitter.com/stellaphone/status/1611328669330325504,2023-01-01 14:10:23+00:00,2023-01-06 11:47:46+00:00
"Dancer dancing around LA, returning something that will change tonight (8)","Anagram (â€œdancingâ€) DANCER into CENDAR, then put it â€œaroundâ€ AL (â€œLA, returning,â€ or a reversal of LA) to get CALENDAR (â€œsomething that will change tonightâ€).",https://twitter.com/stellaphone/status/1609163011230507008,https://twitter.com/stellaphone/status/1611328474433593344,2022-12-31 12:22:13+00:00,2023-01-06 11:46:59+00:00
Shop in Sandy Piers by arrangement (10),"Need some enlightenment? Itâ€™s !

DISPENSARY is the â€œshopâ€ you get â€œby arrangementâ€ (anagram) of SANDY PIERS.",https://twitter.com/stellaphone/status/1608789545809776643,https://twitter.com/stellaphone/status/1611328059608547328,2022-12-30 11:38:12+00:00,2023-01-06 11:45:21+00:00
Arizona city with hot vegan choice (6),"TEMPEH is the â€œvegan choiceâ€ you get from TEMPE, an â€œArizona city,â€ plus H (the abbreviation for â€œhotâ€ on faucets).",https://twitter.com/stellaphone/status/1608419035179536384,https://twitter.com/stellaphone/status/1608788963795562497,2022-12-29 11:05:55+00:00,2022-12-30 11:35:53+00:00
Annoy the French horn (5),"BUG (â€œannoyâ€) plus LE (â€œthe French,â€ or â€œtheâ€ in French) is BUGLE (â€œhornâ€).",https://twitter.com/stellaphone/status/1608057909958840321,https://twitter.com/stellaphone/status/1608788703488663552,2022-12-28 11:10:56+00:00,2022-12-30 11:34:51+00:00
My French company has a place in Europe (6),"MON CO (â€œmy Frenchâ€ = MON, or â€œmyâ€ in French; â€œcompanyâ€ = CO) â€œhas,â€ or contains, the letter A (given in the clue) to make MONACO (â€œplace in Europeâ€).",https://twitter.com/stellaphone/status/1607703494605312002,https://twitter.com/stellaphone/status/1608788476908142596,2022-12-27 11:42:37+00:00,2022-12-30 11:33:57+00:00
Fabric top of taupe bathroom fixture (6),"TOILET (â€œbathroom fixtureâ€) is TOILE (a type of â€œfabricâ€) plus T (â€œtop of taupe,â€ or the first letter of TAUPE).",https://twitter.com/stellaphone/status/1607342087019569158,https://twitter.com/stellaphone/status/1608788080944902149,2022-12-26 11:46:31+00:00,2022-12-30 11:32:22+00:00
Serpentsâ€™ complicated gifts (8),"Easy peasy! Anagram (â€œcomplicatedâ€) SERPENTS to get the Christmas-appropriate answer, PRESENTS (â€œgiftsâ€).",https://twitter.com/stellaphone/status/1607002609159659522,https://twitter.com/stellaphone/status/1608787859561144330,2022-12-25 13:17:33+00:00,2022-12-30 11:31:30+00:00
Doggedly follow fish that hurts (6),SHADOW (â€œdoggedly followâ€) is SHAD (â€œfishâ€) plus OW (â€œthat hurtsâ€ â€” quotation marks not in the clue for deceptive purposes).,https://twitter.com/stellaphone/status/1606639882440417282,https://twitter.com/stellaphone/status/1608787677868097537,2022-12-24 13:16:12+00:00,2022-12-30 11:30:46+00:00
"Madam, I take the place of Adam, at first, in complaint (6)","Itâ€™s ! This is a tough one: MILADY (â€œMadamâ€) is MALADY (â€œcomplaintâ€) with I â€œtaking the place ofâ€ A (â€œAdam, at first,â€ or the first letter of ADAM).",https://twitter.com/stellaphone/status/1606246526665183232,https://twitter.com/stellaphone/status/1608787402704973824,2022-12-23 11:13:09+00:00,2022-12-30 11:29:41+00:00
River runs through Gotham Estates (6),THAMES is the â€œriverâ€ that â€œruns throughâ€ the phrase â€œgoTHAM EStates.â€,https://twitter.com/stellaphone/status/1605883109978693633,https://twitter.com/stellaphone/status/1606246238193475585,2022-12-22 11:09:03+00:00,2022-12-23 11:12:00+00:00
Dudesâ€™ alternative: a happy (at first) holiday item (7),"MEN (â€œdudesâ€) plus OR (â€œalternativeâ€) plus A (in the clue) plus H (â€œhappy at first,â€ or the first letter of HAPPY) gets you MENORAH, a â€œholiday item.â€",https://twitter.com/stellaphone/status/1605520239097167872,https://twitter.com/stellaphone/status/1606246046341812225,2022-12-21 11:07:08+00:00,2022-12-23 11:11:14+00:00
Bird-pig period (6),PIGEON (â€œbirdâ€) is PIG (given in the clue) plus EON (â€œperiodâ€).,https://twitter.com/stellaphone/status/1605167729065033728,https://twitter.com/stellaphone/status/1606245742603010055,2022-12-20 11:46:23+00:00,2022-12-23 11:10:02+00:00
Curse three articles by Mother (8),"ANATHEMA (â€œcurseâ€) is AN, A, THE (â€œthree articles,â€ two indefinite and one definite) plus MA (â€œmotherâ€).",https://twitter.com/stellaphone/status/1604795695961186304,https://twitter.com/stellaphone/status/1606245619508584450,2022-12-19 11:08:04+00:00,2022-12-23 11:09:32+00:00
Part of summer with gold somewhere in Alaska (6),"JUNEAU (â€œsomewhere in Alaskaâ€) is JUNE (â€œpart of summerâ€) plus AU, the chemical symbol for â€œgold.â€",https://twitter.com/stellaphone/status/1604454517575421952,https://twitter.com/stellaphone/status/1606245405511110658,2022-12-18 12:32:20+00:00,2022-12-23 11:08:41+00:00
"Drink, the second of two, missing bit of rind (5)","Take LATTER (â€œthe second of twoâ€) and remove (â€œmissingâ€) a â€œbit of rind,â€ or the letter R (â€œbit ofâ€ is a common first-letter indicator) to get LATTE, a â€œdrink.â€",https://twitter.com/stellaphone/status/1604107117639733248,https://twitter.com/stellaphone/status/1606245230646243329,2022-12-17 13:31:54+00:00,2022-12-23 11:08:00+00:00
"In the UK, caught a whiff of fish (5)","is back! In this double definition, SMELT is both â€œin the UK, caught a whiff ofâ€ and a type of â€œfish.â€",https://twitter.com/stellaphone/status/1603716197853298690,https://twitter.com/stellaphone/status/1606244924613181446,2022-12-16 11:38:31+00:00,2022-12-23 11:06:47+00:00
"Directorâ€™s jeans worth remake (4,6)","â€œRemake,â€ or anagram, JEANS WORTH to get JOHN WATERS, a â€œdirector.â€",https://twitter.com/stellaphone/status/1603346054312697857,https://twitter.com/stellaphone/status/1603715865660514304,2022-12-15 11:07:42+00:00,2022-12-16 11:37:12+00:00
Goddess protected by guardian angel (5),"DIANA is the â€œgoddessâ€ â€œprotected by,â€ or hidden in, the phrase â€œguarDIAN Angel.â€",https://twitter.com/stellaphone/status/1602985321758695425,https://twitter.com/stellaphone/status/1603715676652376066,2022-12-14 11:14:17+00:00,2022-12-16 11:36:27+00:00
Shrinks group of believers taking hit (10),"Tough one! When THEISTS, a â€œgroup of believers,â€ â€œtakesâ€ in RAP (â€œhitâ€), you get THERAPISTS (â€œshrinksâ€).",https://twitter.com/stellaphone/status/1602633215210045449,https://twitter.com/stellaphone/status/1603715483513065479,2022-12-13 11:55:08+00:00,2022-12-16 11:35:41+00:00
"Thatâ€™s not a surprise now about the German (2,6)","NO WONDER (â€œthatâ€™s not a surpriseâ€) is NOW (given in the clue) plus ON (â€œaboutâ€) plus DER (â€œthe German,â€ or â€œtheâ€ in German).",https://twitter.com/stellaphone/status/1602259928034443267,https://twitter.com/stellaphone/status/1603715257351946240,2022-12-12 11:11:50+00:00,2022-12-16 11:34:47+00:00
I submit his wrecked car (10),"â€œWreck,â€ or anagram, I SUBMIT HIS to get MITSUBISHI, a â€œcar.â€",https://twitter.com/stellaphone/status/1601916526759936000,https://twitter.com/stellaphone/status/1603714976203800576,2022-12-11 12:27:16+00:00,2022-12-16 11:33:40+00:00
Bits of Romaâ€™s land after generation (9),Inspired by the Volkswagen Italia tweet from a couple of weeks ago: GENITALIA (â€œbitsâ€) is GEN (â€œgenerationâ€) plus ITALIA (â€œRomaâ€™s landâ€).,https://twitter.com/stellaphone/status/1601552821115301889,https://twitter.com/stellaphone/status/1603714829050675202,2022-12-10 12:22:02+00:00,2022-12-16 11:33:05+00:00
Equal with a beverage (6),Time for some explanations! MATCHA (â€œbeverageâ€) is MATCH (â€œequalâ€) plus A (given in the clue).,https://twitter.com/stellaphone/status/1601188248562601984,https://twitter.com/stellaphone/status/1603714538779688961,2022-12-09 12:13:21+00:00,2022-12-16 11:31:56+00:00
Healthy water source (4),"In this double definition, WELL is both â€œhealthyâ€ and a â€œwater source.â€",https://twitter.com/stellaphone/status/1600810685075976194,https://twitter.com/stellaphone/status/1601187847192465413,2022-12-08 11:13:03+00:00,2022-12-09 12:11:46+00:00
Is squeal dreadful? (6),Anagram (â€œdreadfulâ€) SQUEAL to get EQUALS (â€œisâ€). This time the question mark is for surface sense only and can be ignored.,https://twitter.com/stellaphone/status/1600443474431553538,https://twitter.com/stellaphone/status/1601187721372127232,2022-12-07 10:53:53+00:00,2022-12-09 12:11:16+00:00
Animal biscuit (5),"I guess not all of you have been watching the latest season of #GBBO. SABLE without an accent is an â€œanimalâ€; with an accent (SABLÃ‰), itâ€™s a type of â€œbiscuit.â€",https://twitter.com/stellaphone/status/1600095837454888961,https://twitter.com/stellaphone/status/1601187432929427456,2022-12-06 11:52:30+00:00,2022-12-09 12:10:07+00:00
Russian directorâ€™s parts can all be found in inset (10),"In this letter bank, Sergei EISENSTEIN is the â€œRussian directorâ€ whose â€œparts can all be found inâ€ the word INSET.",https://twitter.com/stellaphone/status/1599723412372348929,https://twitter.com/stellaphone/status/1601187150720299010,2022-12-05 11:12:37+00:00,2022-12-09 12:09:00+00:00
Bit of down energy gets into Dad (7),"A little deception here: â€œbit of downâ€ isnâ€™t a first-letter indicator, itâ€™s the definition for FEATHER, which you get from putting E (â€œenergyâ€) into FATHER (â€œDadâ€).",https://twitter.com/stellaphone/status/1599381268960944128,https://twitter.com/stellaphone/status/1601186869974532097,2022-12-04 12:33:04+00:00,2022-12-09 12:07:53+00:00
Broadcast famous detectiveâ€™s residences (5),"HOMES (â€œresidencesâ€) is a homophone (â€œbroadcastâ€) of HOLMES, a â€œfamous detective.â€",https://twitter.com/stellaphone/status/1599019564339060737,https://twitter.com/stellaphone/status/1601186615292231680,2022-12-03 12:35:47+00:00,2022-12-09 12:06:52+00:00
Priestâ€™s awful duty for Greek goddess (11),"Happy  to those who celebrate! Anagram (â€œâ€˜s awful,â€ or â€œis awfulâ€) PRIEST to get TERPSI; add CHORE (â€œdutyâ€) to get the â€œGreek goddessâ€ TERPSICHORE. 

Another explanation: Iâ€™m reading a George Balanchine biography rn, which is what led me to play with this word.",https://twitter.com/stellaphone/status/1598652593336504320,https://twitter.com/stellaphone/status/1601186433704005632,2022-12-02 12:17:34+00:00,2022-12-09 12:06:09+00:00
Spouseâ€™s WiFi almost gone at last (4),"WIF is â€œWiFi almost,â€ or WIFI without the last letter. Add E, the last letter of GONE (â€œgone at lastâ€) to get WIFE (â€œspouseâ€).",https://twitter.com/stellaphone/status/1598272025621323776,https://twitter.com/stellaphone/status/1598652196538748929,2022-12-01 11:05:20+00:00,2022-12-02 12:15:59+00:00
Bot replaces third of wild Beastie Boys song (8),"â€œReplace the thirdâ€ letter of SAVAGE (â€œwildâ€) with BOT (given in the clue) to get SABOTAGE, a â€œBeastie Boys song.â€",https://twitter.com/stellaphone/status/1597908735170838528,https://twitter.com/stellaphone/status/1598651917357424640,2022-11-30 11:01:44+00:00,2022-12-02 12:14:53+00:00
Send an invoice to Murray (4),"In this double definition, BILL is both â€œsend an invoice toâ€ and the actor â€œMurray.â€",https://twitter.com/stellaphone/status/1597557510483103747,https://twitter.com/stellaphone/status/1598651682497462273,2022-11-29 11:46:06+00:00,2022-12-02 12:13:57+00:00
"Actress Sissy exchanging $1000 for $10, creating traveling company (6)","When SPACEK (â€œactress Sissyâ€) â€œexchangesâ€ the K (1000) for X (Roman numeral 10), you â€œcreateâ€ SPACEX, a â€œtraveling company.â€",https://twitter.com/stellaphone/status/1597186168583380993,https://twitter.com/stellaphone/status/1598651524141441031,2022-11-28 11:10:31+00:00,2022-12-02 12:13:19+00:00
Dwelling next to red bird (6),"Unexpectedly tough charade here! A CONDO is a â€œdwellingâ€; put it â€œnext toâ€ R (â€œredâ€) to get CONDOR, a â€œbird.â€",https://twitter.com/stellaphone/status/1596833213485154306,https://twitter.com/stellaphone/status/1598651133555363842,2022-11-27 11:48:00+00:00,2022-12-02 12:11:46+00:00
"Said, â€œBathroom is something in Phillyâ€ (4)","A little specialized knowledge required: in Philly slang, any person, place, or thing is a JAWN, which is a homophone (â€œsaidâ€) for JOHN (â€œbathroomâ€).",https://twitter.com/stellaphone/status/1596495841518563328,https://twitter.com/stellaphone/status/1598650932626980864,2022-11-26 13:27:24+00:00,2022-12-02 12:10:58+00:00
Puritanical American rock band (6),"Itâ€™s ! PRIMUS is the â€œrock bandâ€ you get from PRIM (â€œpuritanicalâ€) plus US (â€œAmerican,â€ when used as an adjective).",https://twitter.com/stellaphone/status/1596125550921269249,https://twitter.com/stellaphone/status/1598650669648338945,2022-11-25 12:56:00+00:00,2022-12-02 12:09:55+00:00
Put bit of tarragon into light brown alcoholic beverage to generate fireworks (7),"TAN RUM is â€œlight brownâ€ plus â€œalcoholic beverage.â€ Put a T (â€œbit of tarragon,â€ or the first letter of TARRAGON) inside â€œto generateâ€ TANTRUM (â€œfireworksâ€).",https://twitter.com/stellaphone/status/1595757041787830273,https://twitter.com/stellaphone/status/1596125061823725568,2022-11-24 12:31:41+00:00,2022-11-25 12:54:03+00:00
Shakespeare character relates destruction (7),LAERTES (â€œShakespeare characterâ€) is an anagram (â€œdestructionâ€) of RELATES.,https://twitter.com/stellaphone/status/1595375754602225665,https://twitter.com/stellaphone/status/1596124645924966405,2022-11-23 11:16:35+00:00,2022-11-25 12:52:24+00:00
City nestled in Eugene Valley (6),"GENEVA is the â€œcityâ€ thatâ€™s â€œnestled,â€ or hidden, in the words â€œeuGENE VAlley.â€",https://twitter.com/stellaphone/status/1595020781750308870,https://twitter.com/stellaphone/status/1596124473773936640,2022-11-22 11:46:03+00:00,2022-11-25 12:51:43+00:00
"Confused, ate mean Florida resident (7)",Anagram (â€œconfusedâ€) ATE MEAN to get MANATEE (â€œFlorida residentâ€).,https://twitter.com/stellaphone/status/1594649389926158336,https://twitter.com/stellaphone/status/1596124300544712704,2022-11-21 11:10:16+00:00,2022-11-25 12:51:02+00:00
Tailless big cat mounting all the gods (8),"Take PANTHER (â€œbig catâ€), make it â€œtaillessâ€ by removing the last letter, and add ON (â€œmountingâ€) to get PANTHEON (â€œall the godsâ€).",https://twitter.com/stellaphone/status/1594310603845378048,https://twitter.com/stellaphone/status/1596124133456334848,2022-11-20 12:44:03+00:00,2022-11-25 12:50:22+00:00
"Actor whose characters are contained entirely in lines (6,7)",Got this wordplay from a Newsday Sunday puzzle: LINES is a letter bank (â€œwhose characters are contained entirely inâ€) for LESLIE NIELSEN (â€œactorâ€).,https://twitter.com/stellaphone/status/1593949634170613760,https://twitter.com/stellaphone/status/1596123838353649664,2022-11-19 12:49:41+00:00,2022-11-25 12:49:12+00:00
"Giddy at first, I take charge in novel country? (6)","How about some explanations? The â€œnovel country,â€ or country from the novel â€œThe Handmaidâ€™s Tale,â€ is GILEAD, from G (â€œgiddy at first,â€ or the first letter of GIDDY) plus I (given in the clue) plus LEAD (â€œtake chargeâ€).",https://twitter.com/stellaphone/status/1593573553307373572,https://twitter.com/stellaphone/status/1596123565262503937,2022-11-18 11:55:16+00:00,2022-11-25 12:48:07+00:00
Rescue smashed safe (6),"When RESCUE is â€œsmashed,â€ or anagrammed, you get SECURE (â€œsafeâ€).",https://twitter.com/stellaphone/status/1593199003835195392,https://twitter.com/stellaphone/status/1593573262117801984,2022-11-17 11:06:57+00:00,2022-11-18 11:54:07+00:00
Disappear like a vehicle? (6),VANISH (â€œdisappearâ€) is also VAN-ISH (â€œlike a vehicle?â€). The question mark indicates that the wordplay is not quite literal.,https://twitter.com/stellaphone/status/1592836291024277504,https://twitter.com/stellaphone/status/1593573065501417472,2022-11-16 11:05:39+00:00,2022-11-18 11:53:20+00:00
Dispatch satisfactory giggles (9),S (â€œsatisfactoryâ€) plus LAUGHTER (â€œgigglesâ€) gives you SLAUGHTER (â€œdispatchâ€).,https://twitter.com/stellaphone/status/1592479527498027008,https://twitter.com/stellaphone/status/1593572815290130433,2022-11-15 11:28:00+00:00,2022-11-18 11:52:20+00:00
"Worn tech ruined show (3,5)","â€œRuin,â€ or anagram, WORN TECH to get THE CROWN, a â€œshow.â€",https://twitter.com/stellaphone/status/1592113447365660673,https://twitter.com/stellaphone/status/1593572644355448832,2022-11-14 11:13:20+00:00,2022-11-18 11:51:40+00:00
"William discussed impressions of sea creatures (6,2,5)","With thanks to those who found the pun first, PRINCE OF WALES (â€œWilliamâ€) is a homophone (â€œdiscussedâ€) of PRINTS OF WHALES (â€œimpressions of sea creaturesâ€).",https://twitter.com/stellaphone/status/1591771076320964613,https://twitter.com/stellaphone/status/1593572528429142017,2022-11-13 12:32:52+00:00,2022-11-18 11:51:12+00:00
Large-scale alteration of Exit Seven (9),"Make an â€œalteration,â€ or anagram, of EXIT SEVEN to get EXTENSIVE (â€œlarge-scaleâ€).",https://twitter.com/stellaphone/status/1591412161217236992,https://twitter.com/stellaphone/status/1593572257263140866,2022-11-12 12:46:40+00:00,2022-11-18 11:50:07+00:00
First time without you generates obligation (4),Hoping this isnâ€™t the last . DEBT is the â€œobligationâ€ thatâ€™s â€œgeneratedâ€ when you drop the letter U (â€œwithout youâ€) from DEBUT (â€œfirst timeâ€).,https://twitter.com/stellaphone/status/1591036502607556609,https://twitter.com/stellaphone/status/1593572055349329920,2022-11-11 11:53:56+00:00,2022-11-18 11:49:19+00:00
Parasiteâ€™s marking (4),TICK is both a type of â€œparasiteâ€ and a â€œmarkingâ€ (as in â€œtick all the boxesâ€).,https://twitter.com/stellaphone/status/1590663597557809152,https://twitter.com/stellaphone/status/1591036238454476800,2022-11-10 11:12:09+00:00,2022-11-11 11:52:53+00:00
Malcolm and Theodore meet up for a drink (6),"When MAL (â€œMalcolmâ€) and TED (â€œTheodoreâ€) â€œmeet up,â€ you get MALTED, a â€œdrink.â€",https://twitter.com/stellaphone/status/1590294581434023936,https://twitter.com/stellaphone/status/1591036101988610050,2022-11-09 10:45:49+00:00,2022-11-11 11:52:21+00:00
Candidate whoâ€™s expected to win confounded fair vote (8),"â€œConfound,â€ or anagram, FAIR VOTE to get FAVORITE (â€œcandidate whoâ€™s expected to winâ€).",https://twitter.com/stellaphone/status/1589941574141894656,https://twitter.com/stellaphone/status/1591035914150883329,2022-11-08 11:23:05+00:00,2022-11-11 11:51:36+00:00
Fly eating waspâ€™s second skin (4),"FLY (given directly in the clue) â€œeatsâ€ the letter A (â€œwaspâ€™s second,â€ or the second letter of WASP) to make FLAY (â€œskinâ€ in its verb sense).",https://twitter.com/stellaphone/status/1589576132646825985,https://twitter.com/stellaphone/status/1591035711926697985,2022-11-07 11:10:57+00:00,2022-11-11 11:50:48+00:00
French region accepts identification for American city (10),"When PROVENCE, a â€œFrench region,â€ â€œaccepts,â€ or contains, the letters ID (â€œidentificationâ€), you get the â€œAmerican cityâ€ of PROVIDENCE.",https://twitter.com/stellaphone/status/1589222819531194369,https://twitter.com/stellaphone/status/1591035450839355392,2022-11-06 11:47:01+00:00,2022-11-11 11:49:46+00:00
"Quick swim with hot, revealing swimwearâ€”itâ€™s seen in strait (9)","DIPHTHONG is something â€œseen in strait,â€ which you get from DIP (â€œquick swimâ€) plus H (â€œhotâ€) plus THONG (â€œrevealing swimwearâ€).",https://twitter.com/stellaphone/status/1588856882621710337,https://twitter.com/stellaphone/status/1591035239039905796,2022-11-05 11:32:55+00:00,2022-11-11 11:48:55+00:00
Be left with popular pair of pronouns (7),"We made it to  and Twitter is not dead (yet)! INHERIT (â€œbe left withâ€) is IN (â€œpopularâ€) plus HER and IT, a â€œpair of pronouns.â€",https://twitter.com/stellaphone/status/1588484882929700864,https://twitter.com/stellaphone/status/1591034984466636800,2022-11-04 10:54:43+00:00,2022-11-11 11:47:54+00:00
Cocktail of soda and rum makes tasty Cuban treat (7),"Make a â€œcocktail,â€ or anagram, of the words SODA and RUM to get MADUROS, a â€œtasty Cuban treat.â€",https://twitter.com/stellaphone/status/1588110642325721089,https://twitter.com/stellaphone/status/1588484533368033281,2022-11-03 10:07:37+00:00,2022-11-04 10:53:20+00:00
"Shortstop seizes opening in baseball, etc. (6)","The abbreviation SS (â€œshortstopâ€) â€œseizes,â€ or contains, the word PORT (â€œopeningâ€) to create SPORTS (â€œbaseball, etc.â€).",https://twitter.com/stellaphone/status/1587749886631485443,https://twitter.com/stellaphone/status/1588484281265192961,2022-11-02 10:14:06+00:00,2022-11-04 10:52:19+00:00
Pegs rotate front to back (4),Take SPIN (â€œrotateâ€) and move the first letter to the end (â€œfront to backâ€) to get PINS (â€œpegsâ€).,https://twitter.com/stellaphone/status/1587394601706553344,https://twitter.com/stellaphone/status/1588483978264449024,2022-11-01 10:42:20+00:00,2022-11-04 10:51:07+00:00
Measure of protection for Spanish furbaby (7),"The definition is the hard part in this one: PARAPET is the â€œmeasure of protectionâ€ you get from PARA (â€œfor Spanish,â€ or a way to say â€œforâ€ in Spanish) and PET (â€œfurbabyâ€).",https://twitter.com/stellaphone/status/1587023388320698368,https://twitter.com/stellaphone/status/1588483833686790147,2022-10-31 10:07:15+00:00,2022-11-04 10:50:33+00:00
"Too many to number, not including Lebanonâ€™s First Lady (8)","COUNTLESS (â€œtoo many to numberâ€) drops (â€œnot includingâ€) the letter L (â€œLebanonâ€™s First,â€ or the first letter of LEBANON) to get COUNTESS, a â€œlady.â€",https://twitter.com/stellaphone/status/1586682153181511680,https://twitter.com/stellaphone/status/1588483459621830657,2022-10-30 11:31:19+00:00,2022-11-04 10:49:04+00:00
Time request for job (4),T (â€œtimeâ€) plus ASK (â€œrequestâ€) makes TASK (â€œjobâ€). Simple!,https://twitter.com/stellaphone/status/1586321978171924481,https://twitter.com/stellaphone/status/1588483124824244226,2022-10-29 11:40:06+00:00,2022-11-04 10:47:44+00:00
Blonde lady botched legal raid (9),"Weâ€™ve made it to another ! In this anagram, LEGAL RAID is â€œbotchedâ€ to become GALADRIEL, a â€œblonde lady.â€",https://twitter.com/stellaphone/status/1585949473984974848,https://twitter.com/stellaphone/status/1588482985971822592,2022-10-28 10:59:54+00:00,2022-11-04 10:47:11+00:00
British guy and Spanish guy in place of worship (6),"Put CHAP (â€œBritish guyâ€) and Ã‰L (â€œSpanish guy,â€ as in the Spanish word for â€œhe,â€ ignoring the accent mark) together to get CHAPEL, a â€œplace of worship.â€",https://twitter.com/stellaphone/status/1585574737496969218,https://twitter.com/stellaphone/status/1585948895854608384,2022-10-27 10:10:50+00:00,2022-10-28 10:57:36+00:00
Notice entity in a rage (8),SEETHING (â€œin a rageâ€) is SEE (â€œnoticeâ€) plus THING (â€œentityâ€).,https://twitter.com/stellaphone/status/1585211823405420546,https://twitter.com/stellaphone/status/1585948488919322628,2022-10-26 10:08:45+00:00,2022-10-28 10:55:59+00:00
Peers spoil rewritten graphic novel (10),"PEERS SPOIL is â€œrewritten,â€ or anagrammed, to make the â€œgraphic novelâ€ PERSEPOLIS.",https://twitter.com/stellaphone/status/1584859056547586048,https://twitter.com/stellaphone/status/1585948279107424258,2022-10-25 10:46:58+00:00,2022-10-28 10:55:09+00:00
"For an audience, seasonal seasoning is a neat trick (10)",SOMERSAULT (â€œa neat trickâ€) is a homophone (â€œfor an audienceâ€) of SUMMER SALT (â€œseasonal seasoningâ€).,https://twitter.com/stellaphone/status/1584487450507759616,https://twitter.com/stellaphone/status/1585948084743573504,2022-10-24 10:10:21+00:00,2022-10-28 10:54:23+00:00
"Beginnings of bright, unusually fine future for enthusiast (4)","In this acrostic clue, take the first letters, or â€œbeginnings of,â€ the next four words in the clue to get BUFF, an â€œenthusiast.â€",https://twitter.com/stellaphone/status/1584145968148381699,https://twitter.com/stellaphone/status/1585947840656048128,2022-10-23 11:33:25+00:00,2022-10-28 10:53:25+00:00
Herb Dash wears prayer necklace (8),"When EM, a type of â€œdashâ€ (ignore the deceptive capitalization), â€œwears,â€ or is inserted into, ROSARY (â€œprayer necklaceâ€), you get the â€œherbâ€ ROSEMARY.",https://twitter.com/stellaphone/status/1583784015206969344,https://twitter.com/stellaphone/status/1585947568663429120,2022-10-22 11:35:09+00:00,2022-10-28 10:52:20+00:00
Monitor Puerto Rico Doctors Without Borders (7),"Phew, itâ€™s !

Put PR (â€œPuerto Ricoâ€) with OCTOR (â€œDoctors Without Borders,â€ or the word DOCTORS missing its â€œborderâ€ letters) to get PROCTOR (â€œmonitorâ€).",https://twitter.com/stellaphone/status/1583411347358126081,https://twitter.com/stellaphone/status/1585947305718734849,2022-10-21 10:54:18+00:00,2022-10-28 10:51:17+00:00
"Standard article, not French temple (9)","PAR (â€œstandardâ€) plus THE (the definite â€œarticleâ€) plus NON (â€œnot French,â€ or â€œnotâ€ in French) gives you the â€œtempleâ€ PARTHENON.",https://twitter.com/stellaphone/status/1583035886463496194,https://twitter.com/stellaphone/status/1583410951906545664,2022-10-20 10:02:21+00:00,2022-10-21 10:52:43+00:00
Ladyâ€™s diminutive French pastry? (7),"GAL-ETTE could be a â€œladyâ€™s diminutive,â€ and GALETTE is a â€œFrench pastry.â€ The question mark indicates the non-literal nature of the wordplay.",https://twitter.com/stellaphone/status/1582677201052319744,https://twitter.com/stellaphone/status/1583410698943877121,2022-10-19 10:17:04+00:00,2022-10-21 10:51:43+00:00
Powerful #1 Hill worker grabs you (8),"PUISSANT (â€œpowerfulâ€) is what you get when PISS (#1) plus ANT (â€œHill worker,â€ as in a working insect that lives in a hill) â€œgrabsâ€ the letter U (â€œyouâ€).",https://twitter.com/stellaphone/status/1582323782013722624,https://twitter.com/stellaphone/status/1583410438120697857,2022-10-18 10:52:42+00:00,2022-10-21 10:50:41+00:00
Feature of carpet family is a bit of table linen (6),NAP (â€œfeature of carpetâ€) plus KIN (â€œfamilyâ€) gives you NAPKIN â€œa bit of table linenâ€).,https://twitter.com/stellaphone/status/1581972810989154304,https://twitter.com/stellaphone/status/1583410117428797440,2022-10-17 11:38:04+00:00,2022-10-21 10:49:24+00:00
"Mourns epic, ruined stage part (10)","MOURNS EPIC is â€œruined,â€ or anagrammed, to get PROSCENIUM, a â€œstage part.â€",https://twitter.com/stellaphone/status/1581610060920545280,https://twitter.com/stellaphone/status/1583409953339215872,2022-10-16 11:36:38+00:00,2022-10-21 10:48:45+00:00
"Stag, say, eats head of petunia and tree (5)","MALE (â€œstag, sayâ€) â€œeatsâ€ the letter P (the first letter, or â€œhead,â€) of PETUNIA) to make MAPLE, a â€œtree.â€",https://twitter.com/stellaphone/status/1581247930983321600,https://twitter.com/stellaphone/status/1583409766809751552,2022-10-15 11:37:39+00:00,2022-10-21 10:48:01+00:00
Make things better without the last comedy (6),"Itâ€™s  again! IMPROVE (â€œmake things betterâ€) â€œwithout the lastâ€ letter gives you the answer, IMPROV (â€œcomedyâ€).",https://twitter.com/stellaphone/status/1580875599052013568,https://twitter.com/stellaphone/status/1583409522789715970,2022-10-14 10:58:08+00:00,2022-10-21 10:47:03+00:00
Greek island sausages (7),"In this double definition, SALAMIS is both a â€œGreek islandâ€ and â€œsausages.â€",https://twitter.com/stellaphone/status/1580501066629910528,https://twitter.com/stellaphone/status/1580875142745378822,2022-10-13 10:09:53+00:00,2022-10-14 10:56:19+00:00
Dueled agitated fool (6),"â€œAgitate,â€ or anagram, the word DUELED to get DELUDE (â€œfoolâ€ in its verb sense).",https://twitter.com/stellaphone/status/1580139410804592640,https://twitter.com/stellaphone/status/1580874961580748800,2022-10-12 10:12:47+00:00,2022-10-14 10:55:36+00:00
Assistant of knight and yours truly (4),SIRI is the â€œassistantâ€ you get from SIR (â€œknightâ€) plus I (â€œyours trulyâ€).,https://twitter.com/stellaphone/status/1579784479954305027,https://twitter.com/stellaphone/status/1580874805925904384,2022-10-11 10:42:25+00:00,2022-10-14 10:54:59+00:00
"Cool, average guys on Second and Third (5)","â€œCoolâ€ is a fall-appropriate definition of CRISP, which you get from C (â€œaverage,â€ as in the letter grade) plus RISP (the baseball abbreviation for â€œrunners in scoring position,â€ or â€œguys on second and thirdâ€). Ignore the deceptive capital letters!",https://twitter.com/stellaphone/status/1579414682519367683,https://twitter.com/stellaphone/status/1580874641081794560,2022-10-10 10:12:59+00:00,2022-10-14 10:54:20+00:00
"A thousand got together, surrounding our old magazine (7)","G = â€œa thousandâ€ and MET = â€œgot together.â€ When they â€œsurroundâ€ OUR (given directly in the clue), you get the â€œold magazineâ€ GOURMET.",https://twitter.com/stellaphone/status/1579072473626472449,https://twitter.com/stellaphone/status/1580874190840037376,2022-10-09 11:33:10+00:00,2022-10-14 10:52:32+00:00
"Philadelphia school with impressive and popular advocate for neurodiverse thinkers (6,7)",The â€œadvocate for neurodiverse thinkersâ€ is TEMPLE GRANDIN. TEMPLE is a â€œPhiladelphia schoolâ€; GRAND is â€œimpressiveâ€; IN is â€œpopular.â€,https://twitter.com/stellaphone/status/1578709916872646656,https://twitter.com/stellaphone/status/1580873856415211521,2022-10-08 11:32:29+00:00,2022-10-14 10:51:13+00:00
Sounds like horses' team that's very exciting rn (8),"Itâ€™s the PHILLIES (â€œteam thatâ€™s very exciting rnâ€), of course! They â€œsound likeâ€ FILLIES, or â€œhorses.â€",https://twitter.com/stellaphone/status/1578495949600530432,https://twitter.com/stellaphone/status/1580873559068782597,2022-10-07 21:22:16+00:00,2022-10-14 10:50:02+00:00
Quiet-quitting clergyperson causes crime (5),"We made it to ! ARSON is the â€œcrimeâ€ â€œcausedâ€ when P (â€œquiet,â€ as in the musical marking) â€œquits,â€ or leaves, PARSON (â€œclergypersonâ€).",https://twitter.com/stellaphone/status/1578339361321779201,https://twitter.com/stellaphone/status/1580873332073037825,2022-10-07 11:00:02+00:00,2022-10-14 10:49:08+00:00
Child and adult actress (6),â€œActressâ€ Nicole KIDMANâ€™s name is made by adding KID (â€œchildâ€) and MAN (â€œadultâ€).,https://twitter.com/stellaphone/status/1577965293317521408,https://twitter.com/stellaphone/status/1578338464005001217,2022-10-06 10:13:37+00:00,2022-10-07 10:56:28+00:00
"Imagine, in a whirlwind, losing one puzzle (6)","Anagram (â€œin a whirlwindâ€) IMAGINE and take away one of the Is (â€œlosing one,â€ as in Roman numeral I) to get ENIGMA (â€œpuzzleâ€).",https://twitter.com/stellaphone/status/1577602624752345088,https://twitter.com/stellaphone/status/1578338247255609344,2022-10-05 10:12:30+00:00,2022-10-07 10:55:36+00:00
Drink made entirely from components of spiral (12),"In this letter bank, SPIRAL contains all of the unique letters in (â€œmade entirely from components ofâ€) SARSAPARILLA (â€œdrinkâ€).",https://twitter.com/stellaphone/status/1577247770800361472,https://twitter.com/stellaphone/status/1578337942568808448,2022-10-04 10:42:27+00:00,2022-10-07 10:54:24+00:00
"Musical assistant took a trip on ecstasy, itâ€™s said (6)",Tough one! ROADIE (â€œmusical assistantâ€) is a homophone (â€œitâ€™s saidâ€) of RODE E (â€œtook a trip onâ€ = ROAD; â€œecstasyâ€ = E).,https://twitter.com/stellaphone/status/1576893487378993152,https://twitter.com/stellaphone/status/1578337602612387845,2022-10-03 11:14:39+00:00,2022-10-07 10:53:03+00:00
Gamer got bad loan (8),Anagram (â€œbadâ€) GAMER GOT to get MORTGAGE (â€œloanâ€).,https://twitter.com/stellaphone/status/1576541198764081152,https://twitter.com/stellaphone/status/1578337261577699329,2022-10-02 11:54:47+00:00,2022-10-07 10:51:41+00:00
Reverendâ€™s method Newman used to make content restriction (7),"Spoonerize (â€œReverendâ€™sâ€) WAY PAUL (â€œmethodâ€ and â€œNewmanâ€ respectively) to get PAYWALL, a â€œcontent restriction.â€",https://twitter.com/stellaphone/status/1576170491014176769,https://twitter.com/stellaphone/status/1578337119050686468,2022-10-01 11:21:43+00:00,2022-10-07 10:51:07+00:00
Spanish-English fireplaces (6),"has arrived! INGLÃ‰S means â€œEnglishâ€ in Spanish (â€œSpanish-Englishâ€); without the accent mark, INGLES is an old-timey word meaning â€œfireplaces.â€",https://twitter.com/stellaphone/status/1575793615309139973,https://twitter.com/stellaphone/status/1578336796370698240,2022-09-30 10:24:09+00:00,2022-10-07 10:49:50+00:00
Song having less feeling (6),"In this double definition, NUMBER is both a â€œsongâ€ and a word meaning â€œhaving less feelingâ€ (i.e., more numb).",https://twitter.com/stellaphone/status/1575450658811027457,https://twitter.com/stellaphone/status/1575793252783230977,2022-09-29 11:41:22+00:00,2022-09-30 10:22:42+00:00
Composer lurks in Carousel Gardens (5),"Edward ELGAR is the â€œcomposerâ€ whoâ€™s â€œlurking inâ€ the phrase â€œcarousEL GARdens.â€ (Carousel Gardens is an amusement park in New Orleans, btw.)",https://twitter.com/stellaphone/status/1575093923466223617,https://twitter.com/stellaphone/status/1575793002693419011,2022-09-28 12:03:49+00:00,2022-09-30 10:21:43+00:00
"Melanie, nearly failing in card game action (4)","MELD (â€œcard game actionâ€) is MEL (â€œMelanieâ€) plus D (â€œnearly failing,â€ as in the grade).",https://twitter.com/stellaphone/status/1574720616435183617,https://twitter.com/stellaphone/status/1575792696387862528,2022-09-27 11:20:26+00:00,2022-09-30 10:20:30+00:00
Margaret temporarily provided Shabbat meal (7),"CHO (â€œMargaret,â€ i.e., comic Margaret CHO) plus LENT (â€œtemporarily providedâ€) gives you CHOLENT, a â€œShabbat meal.â€",https://twitter.com/stellaphone/status/1574355845697212416,https://twitter.com/stellaphone/status/1575792488593383424,2022-09-26 11:10:58+00:00,2022-09-30 10:19:40+00:00
Expert loses head for flower (5),"â€œLose the head,â€ or remove the first letter from, MASTER (â€œexpertâ€) to get ASTER, a â€œflower.â€",https://twitter.com/stellaphone/status/1574001303696572416,https://twitter.com/stellaphone/status/1575792241591062528,2022-09-25 11:42:08+00:00,2022-09-30 10:18:41+00:00
"Washington deserts facilities, leaving behind fungus (6)","When WA (â€œWashingtonâ€) â€œdesertsâ€ the word WASHROOM (â€œfacilitiesâ€), SHROOM is the â€œfungusâ€ thatâ€™s â€œleft behind.â€",https://twitter.com/stellaphone/status/1573636601758027776,https://twitter.com/stellaphone/status/1575792082005807104,2022-09-24 11:32:57+00:00,2022-09-30 10:18:03+00:00
Bird on fire beside oceanâ€™s head (8),"Itâ€™s ! FLAMINGO (â€œbirdâ€) is FLAMING (â€œon fireâ€) plus O (â€œoceanâ€™s head,â€ or the first letter of OCEAN).",https://twitter.com/stellaphone/status/1573265378599641090,https://twitter.com/stellaphone/status/1575791843798761472,2022-09-23 10:57:50+00:00,2022-09-30 10:17:07+00:00
You quitting a company? Thatâ€™s a cliche (5),"When the letter U (â€œyouâ€) â€œquits,â€ or leaves, TROUPE (â€œa companyâ€), you get TROPE (â€œThatâ€™s a clicheâ€).",https://twitter.com/stellaphone/status/1572892932470087680,https://twitter.com/stellaphone/status/1573264982938107908,2022-09-22 10:17:52+00:00,2022-09-23 10:56:16+00:00
"Hi, open broken device (6)","IPHONE is the â€œdeviceâ€ you get from â€œbreaking,â€ or anagramming, HI OPEN.",https://twitter.com/stellaphone/status/1572530391524966402,https://twitter.com/stellaphone/status/1573264776293404673,2022-09-21 10:17:16+00:00,2022-09-23 10:55:27+00:00
"That man, at that time, captured one unbeliever (7)","HE THEN (â€œthat manâ€ and â€œat that timeâ€ respectively) â€œcapturesâ€ the letter A (â€œone,â€ in the indefinite article sense) to make HEATHEN (â€œunbelieverâ€).",https://twitter.com/stellaphone/status/1572175205367160832,https://twitter.com/stellaphone/status/1573264604876210179,2022-09-20 10:45:53+00:00,2022-09-23 10:54:46+00:00
Pitches a bizarre imitation (8),A PASTICHE is an â€œimitationâ€ that comes from anagramming (â€œbizarreâ€) PITCHES A.,https://twitter.com/stellaphone/status/1571802669102006272,https://twitter.com/stellaphone/status/1573264325493592065,2022-09-19 10:05:33+00:00,2022-09-23 10:53:39+00:00
Type of protest takes on Yemenâ€™s first form of government (7),"Enumeration shouldâ€™ve been (8) for MONARCHY, a â€œform of governmentâ€ you get when MARCH (â€œtype of protestâ€) â€œtakes,â€ or contains, the word ON, with Y (â€œYemenâ€™s firstâ€) at the end.",https://twitter.com/stellaphone/status/1571460021153837056,https://twitter.com/stellaphone/status/1573264137408372736,2022-09-18 11:24:00+00:00,2022-09-23 10:52:54+00:00
"Observing nothing, having no heart (6)",NOTING (â€œobservingâ€) is NOTHING (given in the clue) without its middle letter (â€œhaving no heartâ€).,https://twitter.com/stellaphone/status/1571099976134197248,https://twitter.com/stellaphone/status/1573263659761123330,2022-09-17 11:33:18+00:00,2022-09-23 10:51:00+00:00
Like a quiet period composer? (5),Time for some explanations! French â€œcomposerâ€ (Jean-Baptiste) LULLYâ€™s name could be said to be â€œlike a quiet periodâ€ (LULL-Y). The question mark indicates the non-literal nature of the wordplay.,https://twitter.com/stellaphone/status/1570728020775931906,https://twitter.com/stellaphone/status/1573263479603187720,2022-09-16 10:55:17+00:00,2022-09-23 10:50:18+00:00
"Sing and laugh, make a beer (6)",SING (given in the clue) and HA (â€œlaughâ€) â€œmake a beerâ€: SINGHA.,https://twitter.com/stellaphone/status/1570355867295354880,https://twitter.com/stellaphone/status/1570727591895769089,2022-09-15 10:16:29+00:00,2022-09-16 10:53:35+00:00
Amsterdam Avenue constituents include expert (5),"Another hidden-word clue: the answer, MAVEN, is in the middle of (â€œconstituents includeâ€) the phrase â€œAmsterdaM AVENue.â€",https://twitter.com/stellaphone/status/1569991591535824897,https://twitter.com/stellaphone/status/1570727411591049218,2022-09-14 10:08:59+00:00,2022-09-16 10:52:52+00:00
Shall lose the opening entrance (4),"â€œLose the opening,â€ or remove the first letter, of the word SHALL (given directly in the clue) to get HALL (â€œentranceâ€).",https://twitter.com/stellaphone/status/1569638772681195525,https://twitter.com/stellaphone/status/1570727039107485696,2022-09-13 10:47:00+00:00,2022-09-16 10:51:23+00:00
Doggo eats in cradle (8),"When BASSET, a type of â€œdoggo,â€ â€œeatsâ€ the word IN (given directly in the clue, so itâ€™s not an extraneous connector word), you get BASSINET, a â€œcradle.â€",https://twitter.com/stellaphone/status/1569269225323216898,https://twitter.com/stellaphone/status/1570726842658877441,2022-09-12 10:18:33+00:00,2022-09-16 10:50:36+00:00
Machiavellian villain clutches heavy equipment (5),"In this hidden-word clue, the phrase â€œmachiavelliAN VILlainâ€ â€œclutchesâ€ the answer, ANVIL (â€œheavy equipmentâ€).",https://twitter.com/stellaphone/status/1568921523209076736,https://twitter.com/stellaphone/status/1570726553738416132,2022-09-11 11:16:54+00:00,2022-09-16 10:49:27+00:00
Messy place with the French fashions (6),"STYLES (â€œfashionsâ€) is STY (â€œmessy placeâ€) plus LES (â€œthe French,â€ or a way to say â€œtheâ€ in French).",https://twitter.com/stellaphone/status/1568563411855843328,https://twitter.com/stellaphone/status/1570726279057657856,2022-09-10 11:33:54+00:00,2022-09-16 10:48:22+00:00
Movie general starts to lead everyone in alliance (4),"What a week! Itâ€™s . In this acrostic clue, â€œmovie generalâ€ LEIA is formed from the â€œstarts to,â€ or first letters of, the last four words in the clue.",https://twitter.com/stellaphone/status/1568190139762987014,https://twitter.com/stellaphone/status/1570725901809360897,2022-09-09 10:50:39+00:00,2022-09-16 10:46:52+00:00
Sounds like UK (English) composer (7),(Benjamin) BRITTEN is the â€œEnglish composerâ€ whose name is a homophone (â€œsounds likeâ€) of BRITAIN (â€œUKâ€).,https://twitter.com/stellaphone/status/1567819454041522178,https://twitter.com/stellaphone/status/1568189783473520641,2022-09-08 10:17:41+00:00,2022-09-09 10:49:14+00:00
Nonconformists insult big men in speech (10),"DISSENTERS (â€œnonconformistsâ€) is a homophone (â€œin speechâ€) of DIS CENTERS (â€œinsult big men,â€ in the NBA sense of â€œbig menâ€).",https://twitter.com/stellaphone/status/1567457696055545857,https://twitter.com/stellaphone/status/1568189522231398401,2022-09-07 10:20:11+00:00,2022-09-09 10:48:12+00:00
Symphony encompasses the first Madonna album (7),"Tough one! EROICA, a â€œsymphony,â€ â€œencompassesâ€ the letter T (â€œthe first,â€ or the first letter of â€œtheâ€) to give you EROTICA, a â€œMadonna album.â€",https://twitter.com/stellaphone/status/1567101782681157634,https://twitter.com/stellaphone/status/1568189229427040256,2022-09-06 10:45:54+00:00,2022-09-09 10:47:02+00:00
Local testosterone injected into innocent (6),â€œInjectâ€ the letter T (â€œtestosteroneâ€) into NAIVE (â€œinnocentâ€) to get NATIVE (â€œlocalâ€).,https://twitter.com/stellaphone/status/1566754558994522115,https://twitter.com/stellaphone/status/1568188941458673664,2022-09-05 11:46:10+00:00,2022-09-09 10:45:53+00:00
Company spread something you see at Comic-Con (7),COSPLAY (â€œsomething you see at Comic-Conâ€) is CO (an abbreviation for â€œcompanyâ€) plus SPLAY (â€œspreadâ€).,https://twitter.com/stellaphone/status/1566379289355894784,https://twitter.com/stellaphone/status/1568188515535437825,2022-09-04 10:54:59+00:00,2022-09-09 10:44:12+00:00
"That pop music legend, Maggie from the UK (8)",THAT (given in the clue) plus CHER (â€œpop music legendâ€) makes THATCHER (â€œMaggie from the UKâ€).,https://twitter.com/stellaphone/status/1566027195310563330,https://twitter.com/stellaphone/status/1568188749992923138,2022-09-03 11:35:53+00:00,2022-09-09 10:45:08+00:00
German momâ€™s grumble (6),"Thank goodness itâ€™s ! In this double definition, MUTTER is the German word for â€œmotherâ€ (â€œGerman momâ€) as well as a synonym for â€œgrumble.â€",https://twitter.com/stellaphone/status/1565642760975261696,https://twitter.com/stellaphone/status/1568188129655361536,2022-09-02 10:08:17+00:00,2022-09-09 10:42:40+00:00
"Keep at it, fool (4)","In this double definition, GO ON (â€œkeep at itâ€) makes GOON (â€œfoolâ€).",https://twitter.com/stellaphone/status/1565283112342495233,https://twitter.com/stellaphone/status/1565642285517357064,2022-09-01 10:19:10+00:00,2022-09-02 10:06:23+00:00
Reign of gruesome alien (7),Anagram (â€œgruesomeâ€) REIGN OF to get FOREIGN (â€œalienâ€).,https://twitter.com/stellaphone/status/1564916541065498624,https://twitter.com/stellaphone/status/1565642110237392896,2022-08-31 10:02:32+00:00,2022-09-02 10:05:41+00:00
Broadcast legends in possession of fancy residence (6),"Surprise! â€œBroadcastâ€ doesnâ€™t indicate a homophone here: itâ€™s part of a hidden-word phrase. â€œbroadCAST LEgendsâ€ is â€œin possession ofâ€ the word CASTLE, a â€œfancy residence.â€",https://twitter.com/stellaphone/status/1564566384415318017,https://twitter.com/stellaphone/status/1565641963474456580,2022-08-30 10:51:08+00:00,2022-09-02 10:05:06+00:00
Reinforcement of kidnapperâ€™s demand coming after time (7),TRANSOM is the â€œreinforcementâ€ you get from RANSOM (â€œkidnapperâ€™s demandâ€) â€œcoming afterâ€ the letter T (an abbreviation for â€œtimeâ€).,https://twitter.com/stellaphone/status/1564196014671728640,https://twitter.com/stellaphone/status/1565641640257196034,2022-08-29 10:19:25+00:00,2022-09-02 10:03:49+00:00
Bathes in stirred alcoholic drink (8),"â€œStir,â€ or anagram, BATHES IN, to get ABSINTHE, an â€œalcoholic drink.â€",https://twitter.com/stellaphone/status/1563851851963006978,https://twitter.com/stellaphone/status/1565641388129239043,2022-08-28 11:31:51+00:00,2022-09-02 10:02:49+00:00
Gym class with purple garment style (6),Fashion! PEPLUM is the â€œgarment styleâ€ you get from PE (â€œgym classâ€) plus PLUM (â€œpurpleâ€).,https://twitter.com/stellaphone/status/1563489639943774210,https://twitter.com/stellaphone/status/1565641230482116610,2022-08-27 11:32:33+00:00,2022-09-02 10:02:12+00:00
Cart contains all the makings of waterfall (8),"We made it! Itâ€™s ! In this letter bank clue, CART â€œcontains all the makings of,â€ or has all the letters used in, CATARACT (â€œwaterfallâ€).",https://twitter.com/stellaphone/status/1563123318085271552,https://twitter.com/stellaphone/status/1565640959848849409,2022-08-26 11:16:55+00:00,2022-09-02 10:01:07+00:00
"Resist rock band (7,6)","In this unusual reverse anagram, TWISTED SISTER is the â€œrock band.â€ The word RESIST in the clue is an anagram of SISTER, so itâ€™s a â€œtwisted SISTER.â€",https://twitter.com/stellaphone/status/1562742895383232513,https://twitter.com/stellaphone/status/1563122868275519488,2022-08-25 10:05:15+00:00,2022-08-26 11:15:07+00:00
Agitate bitter oil to find fossil (9),"â€œAgitate,â€ or anagram, BITTER OIL to find TRILOBITE, a â€œfossil.â€",https://twitter.com/stellaphone/status/1562381002093350912,https://twitter.com/stellaphone/status/1563122557100134403,2022-08-24 10:07:13+00:00,2022-08-26 11:13:53+00:00
Cuddly petâ€™s pot (5),"In this double definition, KITTY is both a â€œcuddly petâ€ and the â€œpotâ€ in a poker game.",https://twitter.com/stellaphone/status/1562027527568236547,https://twitter.com/stellaphone/status/1563122371577655297,2022-08-23 10:42:38+00:00,2022-08-26 11:13:09+00:00
"Double barrier: a city in Washington (5,5)",WALL (â€œbarrierâ€) plus A (given in the clue) is WALLA. â€œDoubleâ€ that to get WALLA WALLA (â€œcity in Washingtonâ€).,https://twitter.com/stellaphone/status/1561656791913594883,https://twitter.com/stellaphone/status/1563122251636977669,2022-08-22 10:09:28+00:00,2022-08-26 11:12:40+00:00
Math practitionerâ€™s season? (6),SUMMER is both a â€œmath practitionerâ€ (in the sense of someone whoâ€™s doing sums) and a â€œseason.â€ The question mark indicates the non-literal nature of one of the definitions.,https://twitter.com/stellaphone/status/1561309798880186368,https://twitter.com/stellaphone/status/1563121987014524928,2022-08-21 11:10:38+00:00,2022-08-26 11:11:37+00:00
Phosphorus with every fruit (5),"Easier one: P (the elemental symbol of â€œphosphorusâ€) â€œwithâ€ EACH (â€œeveryâ€) makes PEACH, a â€œfruit.â€",https://twitter.com/stellaphone/status/1560947949538082816,https://twitter.com/stellaphone/status/1563121674849251328,2022-08-20 11:12:46+00:00,2022-08-26 11:10:23+00:00
Union member trialist gathers in the morning (8),"Welcome to ! TEAMSTER (â€œunion memberâ€) is TESTER (â€œtrialistâ€) â€œgatheringâ€ AM, or â€œin the morning.â€",https://twitter.com/stellaphone/status/1560576125474062337,https://twitter.com/stellaphone/status/1563121426395451392,2022-08-19 10:35:17+00:00,2022-08-26 11:09:24+00:00
Note belonging to me spells disaster (6),"FA (a musical â€œnoteâ€) plus MINE (â€œbelonging to meâ€) â€œspellsâ€ FAMINE, a â€œdisaster.â€",https://twitter.com/stellaphone/status/1560205842821091328,https://twitter.com/stellaphone/status/1560575668429246464,2022-08-18 10:03:54+00:00,2022-08-19 10:33:28+00:00
Relief occurs in confusion (6),Anagram (â€œin confusionâ€) OCCURS to get SUCCOR (â€œreliefâ€).,https://twitter.com/stellaphone/status/1559842316994625538,https://twitter.com/stellaphone/status/1560575485305831424,2022-08-17 09:59:23+00:00,2022-08-19 10:32:44+00:00
Sing the French song (6),"SINGLE is the â€œsongâ€ you get from SING (given in the clue) plus LE (â€œthe French,â€ or â€œtheâ€ in French).",https://twitter.com/stellaphone/status/1559486775265218560,https://twitter.com/stellaphone/status/1560575322936037377,2022-08-16 10:26:35+00:00,2022-08-19 10:32:05+00:00
Variety is essential to Katy Perry (4),"TYPE is the â€œvarietyâ€ â€œessential to,â€ or hidden in, â€œkaTY PErry.â€",https://twitter.com/stellaphone/status/1559121673164668928,https://twitter.com/stellaphone/status/1560575129918242818,2022-08-15 10:15:48+00:00,2022-08-19 10:31:19+00:00
Feel sorry about wading bird subreddit? (6),"Subreddits are of the form â€œr/name,â€ so R/EGRET (â€œwading bird subreddit?â€) is REGRET (â€œfeel sorry aboutâ€). The question mark indicates the not-quite-literal wordplay.",https://twitter.com/stellaphone/status/1558779362647891969,https://twitter.com/stellaphone/status/1560574950209191936,2022-08-14 11:35:35+00:00,2022-08-19 10:30:36+00:00
Stirred rum becomes unmanageable (10),"â€œStir,â€ or anagram, RUM BECOMES to get CUMBERSOME (â€œunmanageableâ€).",https://twitter.com/stellaphone/status/1558405932123553793,https://twitter.com/stellaphone/status/1560574533672833025,2022-08-13 10:51:42+00:00,2022-08-19 10:28:57+00:00
Clog giant container of extension (6),"has arrived! In this hidden-word clue, LOGGIA is the (architectural) â€œextensionâ€) â€œcontainedâ€ in â€œcLOG GIAnt.â€",https://twitter.com/stellaphone/status/1558043849901187072,https://twitter.com/stellaphone/status/1560574383101468672,2022-08-12 10:52:55+00:00,2022-08-19 10:28:21+00:00
Ask for identification from popular cruciverbalist (6),CARD (â€œask for identification fromâ€) plus IN (â€œpopularâ€) produces â€œcruciverbalistâ€ (Nate) CARDIN. Just canâ€™t stop cluing @naytnaytnayt!,https://twitter.com/stellaphone/status/1557711479700340738,https://twitter.com/stellaphone/status/1558043479103754241,2022-08-11 12:52:12+00:00,2022-08-12 10:51:27+00:00
"Alien guy from Chicago and so on (2,6)","ET CETERA (â€œand so onâ€) is ET (â€œalienâ€) plus (Peter) CETERA, a â€œguy from Chicagoâ€ (the band).",https://twitter.com/stellaphone/status/1557672453073211392,https://twitter.com/stellaphone/status/1558043120901693440,2022-08-11 10:17:07+00:00,2022-08-12 10:50:01+00:00
"French insolence, I see (6)",GALLIC (â€œFrenchâ€) comes from GALL (â€œinsolenceâ€) plus I C (â€œI seeâ€â€”think text message abbreviations).,https://twitter.com/stellaphone/status/1557306311372689409,https://twitter.com/stellaphone/status/1558042862830452737,2022-08-10 10:02:12+00:00,2022-08-12 10:49:00+00:00
Transience changed fruits (10),Anagram (â€œchangedâ€) TRANSIENCE to get NECTARINES (â€œfruitsâ€).,https://twitter.com/stellaphone/status/1556954962550296578,https://twitter.com/stellaphone/status/1558042589252681730,2022-08-09 10:46:04+00:00,2022-08-12 10:47:54+00:00
"Booze recipe from the Reverendâ€™s party factory (4,4)","I think the definition is the hard part here: MASH BILL is a â€œbooze recipeâ€ (itâ€™s the ratio of grain types that go into a beer or whiskey), and it comes from spoonerizing (â€œthe Reverendâ€™s) BASH MILL (â€œparty factoryâ€).",https://twitter.com/stellaphone/status/1556582251630043136,https://twitter.com/stellaphone/status/1558042463004246016,2022-08-08 10:05:03+00:00,2022-08-12 10:47:24+00:00
"To a Spaniard, my anger is an illusion (6)","MIRAGE is â€œan illusionâ€ made from MI (â€œto a Spaniard, my,â€ or â€œmyâ€ in Spanish) plus RAGE (â€œangerâ€).",https://twitter.com/stellaphone/status/1556241500815630336,https://twitter.com/stellaphone/status/1558042021813796864,2022-08-07 11:31:02+00:00,2022-08-12 10:45:39+00:00
Prussian nobleâ€™s shitty car (6),This is a double definition: JUNKER is both a â€œPrussian nobleâ€ and a â€œshitty car.â€,https://twitter.com/stellaphone/status/1555880017225306113,https://twitter.com/stellaphone/status/1558041803269578752,2022-08-06 11:34:37+00:00,2022-08-12 10:44:47+00:00
Four entering sexual public revelry (8),"Phew! Itâ€™s ! Some tough clues this week. In this one, IV (â€œfourâ€ in Roman numerals) â€œentersâ€ CARNAL (â€œsexualâ€) to produce CARNIVAL (â€œpublic revelryâ€).",https://twitter.com/stellaphone/status/1555502185961627657,https://twitter.com/stellaphone/status/1558041594758135809,2022-08-05 10:33:15+00:00,2022-08-12 10:43:57+00:00
"Easy job is awfully nice, sure (8)",Anagram (â€œawfullyâ€) NICE SURE to get SINECURE (â€œeasy jobâ€).,https://twitter.com/stellaphone/status/1555133860798763010,https://twitter.com/stellaphone/status/1555501767135305731,2022-08-04 10:09:40+00:00,2022-08-05 10:31:35+00:00
"Use a spade on small, humble dwelling (6)","Oops, guess I used â€œsmallâ€ the same way twice in one week: S (â€œsmallâ€) plus HOVEL (â€œhumble dwellingâ€) makes SHOVEL (â€œuse a spade onâ€).",https://twitter.com/stellaphone/status/1554770604401856512,https://twitter.com/stellaphone/status/1555501629247553537,2022-08-03 10:06:12+00:00,2022-08-05 10:31:02+00:00
Debussyâ€™s â€œScratchedâ€ on the radio (6),CLAUDE (â€œDebussyâ€) is a homophone (â€œon the radioâ€) of CLAWED (â€œScratchedâ€). The placement of â€œon the radioâ€ indicates which word is the def and which is the homophone.,https://twitter.com/stellaphone/status/1554418808940646401,https://twitter.com/stellaphone/status/1555501369427197952,2022-08-02 10:48:18+00:00,2022-08-05 10:30:00+00:00
"Centaur, or chimerical teller of tales (9)","Anagram (â€œchimericalâ€) CENTAUR OR to get RACONTEUR, a â€œteller of tales.â€",https://twitter.com/stellaphone/status/1554044840220000257,https://twitter.com/stellaphone/status/1555501065432449027,2022-08-01 10:02:17+00:00,2022-08-05 10:28:48+00:00
Patricia and Ronald meet up for tequila (6),"Phew, this one was easier! PAT plus RON (â€œPatricia and Ronaldâ€) equals PATRON, a brand of â€œtequila.â€",https://twitter.com/stellaphone/status/1553705057073434625,https://twitter.com/stellaphone/status/1555500877972180992,2022-07-31 11:32:06+00:00,2022-08-05 10:28:03+00:00
With that guyâ€™s essential brown sauce? (7),"The question mark indicates a non-literal definition (â€œbrown sauce?â€) for WHISKEY, which is W (â€œwithâ€) plus HIS (â€œthat guyâ€™sâ€) plus KEY (â€œessentialâ€).",https://twitter.com/stellaphone/status/1553341564780519424,https://twitter.com/stellaphone/status/1555500644940881922,2022-07-30 11:27:43+00:00,2022-08-05 10:27:08+00:00
A little bitâ€”smallâ€”making a difference (10),Itâ€™s ! This is just a charade: S (â€œsmallâ€) plus MATTERING (â€œmaking a differenceâ€) makes SMATTERING (â€œa little bitâ€).,https://twitter.com/stellaphone/status/1552971394320945153,https://twitter.com/stellaphone/status/1555500335770193920,2022-07-29 10:56:47+00:00,2022-08-05 10:25:54+00:00
Half of very nice film festival location (6),"VENICE is the â€œfilm festival locationâ€ you get from VE (â€œhalf of very,â€ or the first half of VERY) plus NICE (given directly in the clue).",https://twitter.com/stellaphone/status/1552623273464270849,https://twitter.com/stellaphone/status/1552971103089336321,2022-07-28 11:53:29+00:00,2022-07-29 10:55:38+00:00
Newsworthy winner gave daring arrangement (10),"Anagram (â€œarrangementâ€) GAVE DARING to get VINGEGAARD, a â€œnewsworthy winnerâ€ (of the Tour de France, that is).",https://twitter.com/stellaphone/status/1552234038953496579,https://twitter.com/stellaphone/status/1552970866392272896,2022-07-27 10:06:48+00:00,2022-07-29 10:54:42+00:00
"Lacking in money, getting nothing, becoming a great constructor (6)","BROOKE @xandraladee is the â€œgreat constructorâ€ you get from BROKE (â€œlacking moneyâ€) â€œreceivingâ€ the letter O (â€œnothing,â€ in which O is used to represent zero).",https://twitter.com/stellaphone/status/1552032907253907457,https://twitter.com/stellaphone/status/1552970671998861312,2022-07-26 20:47:35+00:00,2022-07-29 10:53:55+00:00
Switch first and third of Spanish artistâ€™s exercise (4),Take GOYA (â€œSpanish artistâ€) and â€œswitch [the] first and third [letters]â€ to get YOGA (â€œexerciseâ€).,https://twitter.com/stellaphone/status/1551885311399141376,https://twitter.com/stellaphone/status/1552970286265401344,2022-07-26 11:01:05+00:00,2022-07-29 10:52:23+00:00
That lady will fire heavy projectiles (5),"â€œThat lady willâ€ is SHEâ€™LL, which without the apostrophe is SHELL (â€œfire heavy projectilesâ€).",https://twitter.com/stellaphone/status/1551510485039808512,https://twitter.com/stellaphone/status/1552970062855815170,2022-07-25 10:11:39+00:00,2022-07-29 10:51:30+00:00
Repartee is popular amid terrible time (8),This time â€œterribleâ€ isnâ€™t an anagram indicator: itâ€™s just defining BAD. A â€œterrible timeâ€ is a BAD AGE; add IN (â€œpopularâ€) in the middle to get BADINAGE (â€œreparteeâ€).,https://twitter.com/stellaphone/status/1551169334961119232,https://twitter.com/stellaphone/status/1552969689248186371,2022-07-24 11:36:03+00:00,2022-07-29 10:50:01+00:00
Regularly inspire something to listen to (3),"Take every other letter (2, 4, and 6; â€œregularlyâ€) of INSPIRE to get NPR (â€œsomething to listen toâ€).",https://twitter.com/stellaphone/status/1550805116667809792,https://twitter.com/stellaphone/status/1552969383999414274,2022-07-23 11:28:47+00:00,2022-07-29 10:48:48+00:00
Stunning songbird eats tulip top (9),"Itâ€™s finally ! In this clue, STARLING (â€œsongbirdâ€) â€œeatsâ€ the letter T (â€œtulip top,â€ or the first letter of TULIP) to make STARTLING (â€œstunningâ€).",https://twitter.com/stellaphone/status/1550424332702289920,https://twitter.com/stellaphone/status/1552969063772684289,2022-07-22 10:15:41+00:00,2022-07-29 10:47:32+00:00
Left in place: Monument for ancient philosopher (8),Add L (â€œleftâ€) â€œinâ€ PUT (â€œplaceâ€) to get PLUT; then add ARCH (â€œmonumentâ€) at the end to get PLUTARCH (â€œancient philosopherâ€).,https://twitter.com/stellaphone/status/1550060826572099584,https://twitter.com/stellaphone/status/1550424011393437700,2022-07-21 10:11:14+00:00,2022-07-22 10:14:24+00:00
Weapons of sister with sneakers (9),"NUNCHUCKS (â€œweaponsâ€) comes from NUN (â€œsisterâ€) plus CHUCKS (â€œsneakers,â€ i.e., Chuck Taylors).",https://twitter.com/stellaphone/status/1549726021691133952,https://twitter.com/stellaphone/status/1550423732862296065,2022-07-20 12:00:50+00:00,2022-07-22 10:13:18+00:00
Condom head found in shoe causes quite a stir (7),"Put C (â€œcondom head,â€ or the first letter of CONDOM) into (â€œfound inâ€) SANDAL (â€œshoeâ€) to get SCANDAL (â€œquite a stirâ€).",https://twitter.com/stellaphone/status/1549332421639868416,https://twitter.com/stellaphone/status/1550423445321781249,2022-07-19 09:56:49+00:00,2022-07-22 10:12:09+00:00
Come to a resolution about Delaware murder? (6),DE (â€œDelawareâ€) plus the suffix -CIDE (â€œmurderâ€) gives you DECIDE (â€œcome to a resolution aboutâ€). The question mark indicates the non-literal wordplay.,https://twitter.com/stellaphone/status/1548973731804024838,https://twitter.com/stellaphone/status/1550423158758510593,2022-07-18 10:11:30+00:00,2022-07-22 10:11:01+00:00
"Doggo, someday in disarray (7)","Anagram (â€œin disarrayâ€) SOMEDAY to get SAMOYED, a kind of â€œdoggo.â€",https://twitter.com/stellaphone/status/1548635908538261504,https://twitter.com/stellaphone/status/1550422875512995840,2022-07-17 11:49:07+00:00,2022-07-22 10:09:53+00:00
The ones here with American (Greek) hero (7),"THESEUS (â€œGreek hero,â€ ignoring punctuation) is THESE (â€œthe ones hereâ€) plus US (â€œAmericanâ€).",https://twitter.com/stellaphone/status/1548270097621364736,https://twitter.com/stellaphone/status/1550422715089260544,2022-07-16 11:35:31+00:00,2022-07-22 10:09:15+00:00
"Work with needles, keeping time for a little bit of music (8)","The specialized knowledge here is that another name for a quarter note is a CROTCHET (â€œa little bit of musicâ€), which you get from CROCHET (â€œwork with needlesâ€) â€œkeepingâ€ the letter T (â€œtimeâ€).",https://twitter.com/stellaphone/status/1547907836016934912,https://twitter.com/stellaphone/status/1550422359265447938,2022-07-15 11:36:01+00:00,2022-07-22 10:07:50+00:00
Open actual rotten melon (10),Anagram (â€œrottenâ€) OPEN ACTUAL to get CANTALOUPE (â€œmelonâ€).,https://twitter.com/stellaphone/status/1547524223052259328,https://twitter.com/stellaphone/status/1547907374186262530,2022-07-14 10:11:41+00:00,2022-07-15 11:34:11+00:00
Message hidden in lazy rock variety (11),Put IM (â€œmessageâ€) in SEDENTARY (â€œlazyâ€) to get SEDIMENTARY (â€œrock varietyâ€).,https://twitter.com/stellaphone/status/1547161932133797889,https://twitter.com/stellaphone/status/1547907254573117440,2022-07-13 10:12:04+00:00,2022-07-15 11:33:42+00:00
Fish with hiding place where plants grow (6),GARDEN (â€œwhere plants growâ€) is GAR (a type of â€œfishâ€) plus DEN (â€œhiding placeâ€).,https://twitter.com/stellaphone/status/1546807049232711681,https://twitter.com/stellaphone/status/1547907062708940801,2022-07-12 10:41:53+00:00,2022-07-15 11:32:57+00:00
Creteâ€™s ruin is not to be spoken of (6),"â€œRuin,â€ or anagram, CRETES to get â€œsecretâ€ (â€œnot to be spoken ofâ€).",https://twitter.com/stellaphone/status/1546435913588293633,https://twitter.com/stellaphone/status/1547906860488962053,2022-07-11 10:07:07+00:00,2022-07-15 11:32:08+00:00
Crewsâ€™ fabric (5),"TERRY is both the first name of TV personality â€œCrews,â€ and also a â€œfabric.â€",https://twitter.com/stellaphone/status/1546094672992473088,https://twitter.com/stellaphone/status/1547906729593040896,2022-07-10 11:31:09+00:00,2022-07-15 11:31:37+00:00
"Anger, confusion about one city in Canada (6)","Anagram (â€œconfusionâ€) ANGER into REGNA, then put it â€œaboutâ€ (aboot?) the letter I (â€œoneâ€ in Roman numerals) to get REGINA (â€œcity in Canadaâ€).",https://twitter.com/stellaphone/status/1545733543984332800,https://twitter.com/stellaphone/status/1547906560260640768,2022-07-09 11:36:09+00:00,2022-07-15 11:30:57+00:00
Tree and sheep in retreat (6),"Whew! Itâ€™s ! An ASH is a tree and a RAM is a sheep; put them together to get ASHRAM, a â€œretreat.â€",https://twitter.com/stellaphone/status/1545359753584443395,https://twitter.com/stellaphone/status/1547906278449500163,2022-07-08 10:50:51+00:00,2022-07-15 11:29:50+00:00
Small jerkâ€™s impertinence (4),SASS (â€œimpertinenceâ€) is S (an abbreviation for â€œsmallâ€) plus ASS (â€œjerkâ€).,https://twitter.com/stellaphone/status/1544987300714651650,https://twitter.com/stellaphone/status/1545358867466489856,2022-07-07 10:10:51+00:00,2022-07-08 10:47:20+00:00
Some paper from edited theses (6),"When the word THESES is â€œedited,â€ or anagrammed, you get SHEETS (â€œsome paperâ€).",https://twitter.com/stellaphone/status/1544624042740797441,https://twitter.com/stellaphone/status/1545358680559960064,2022-07-06 10:07:24+00:00,2022-07-08 10:46:35+00:00
The reverend said sexual content publicity makes a lively dance (8),"Any time you see â€œthe reverend,â€ a spoonerism is involved: spoonerize PORN HYPE (â€œsexual content publicityâ€) to get HORNPIPE, a â€œlively dance.â€",https://twitter.com/stellaphone/status/1544275757232492545,https://twitter.com/stellaphone/status/1545358496719331330,2022-07-05 11:03:26+00:00,2022-07-08 10:45:51+00:00
"Composer is, to a great extent, America (5)",SOUSA (â€œcomposerâ€) is SO (â€œto a great extentâ€) plus USA (â€œAmericaâ€).,https://twitter.com/stellaphone/status/1543921308177670146,https://twitter.com/stellaphone/status/1545358229789630465,2022-07-04 11:34:59+00:00,2022-07-08 10:44:48+00:00
"Put Mr. Jackson in control of a trial, often (7)","PLACE (â€œputâ€) plus BO (â€œMr. Jacksonâ€) gives you PLACEBO (â€œcontrol of a trial, oftenâ€).",https://twitter.com/stellaphone/status/1543551076988764162,https://twitter.com/stellaphone/status/1545358072838868992,2022-07-03 11:03:49+00:00,2022-07-08 10:44:10+00:00
Peeled citrus fruit for a really nice person (5),"â€œPeel,â€ or remove the outer letters from, TANGELO to get ANGEL, a â€œreally nice person.â€",https://twitter.com/stellaphone/status/1543210616462008320,https://twitter.com/stellaphone/status/1545357852931399680,2022-07-02 12:30:57+00:00,2022-07-08 10:43:18+00:00
"Compare, at first, two articles by district attorney: â€œTrue North,â€ â€œStrong and Freeâ€ (6)","Happy ! CANADA, per its national anthem, is â€œtrue North, strong and free,â€ and is also C (â€œcompare, at first,â€ or the first letter of COMPARE) plus the indefinite articles AN and A, plus DA (â€œdistrict attorneyâ€).",https://twitter.com/stellaphone/status/1542850694650085376,https://twitter.com/stellaphone/status/1545357694600712195,2022-07-01 12:40:45+00:00,2022-07-08 10:42:40+00:00
"â€œHey, Kenâ€”back off, trampâ€ (4)","This clue was not a dig at @ckstern! You get HIKE (â€œtrampâ€) from HI (â€œheyâ€) plus KEN with the â€œback offâ€â€”i.e., remove the last letter.",https://twitter.com/stellaphone/status/1542487507907989504,https://twitter.com/stellaphone/status/1542849076852506624,2022-06-30 12:37:34+00:00,2022-07-01 12:34:19+00:00
Composer consumed by liver disease (5),"VERDI is the â€œcomposerâ€ hidden in, or â€œconsumed by,â€ the phrase â€œliVER DIsease.â€",https://twitter.com/stellaphone/status/1542123890435973121,https://twitter.com/stellaphone/status/1542848729362755589,2022-06-29 12:32:41+00:00,2022-07-01 12:32:56+00:00
Tsunami on broken peaks (9),"When the phrase TSUNAMI ON is â€œbroken,â€ or anagrammed, you get MOUNTAINS (â€œpeaksâ€).",https://twitter.com/stellaphone/status/1541760154453934080,https://twitter.com/stellaphone/status/1542848562949550080,2022-06-28 12:27:19+00:00,2022-07-01 12:32:16+00:00
"Oh, look, darling! Beginners just like me (3)","OLD (â€œjust like meâ€) is made from the â€œbeginners,â€ or first letters, of each of the first three words in the clue.",https://twitter.com/stellaphone/status/1541393664861011968,https://twitter.com/stellaphone/status/1542848318996238336,2022-06-27 12:11:02+00:00,2022-07-01 12:31:18+00:00
Two guys come together in the city Iâ€™m visiting right now (7) ğŸ‡¨ğŸ‡¦,"At the time I wrote this clue, â€œthe city Iâ€™m visiting right nowâ€ was CALGARY, which splits into two menâ€™s names, CAL and GARY (â€œtwo guys come togetherâ€).",https://twitter.com/stellaphone/status/1541034962912047106,https://twitter.com/stellaphone/status/1542848083993579520,2022-06-26 12:25:40+00:00,2022-07-01 12:30:22+00:00
Extreme hotel and places to stay outdoors announced (7),INTENSE (â€œextremeâ€) is a homophone (â€œannouncedâ€) of INN TENTS (â€œhotel and places to stayâ€).,https://twitter.com/stellaphone/status/1540642970856308738,https://twitter.com/stellaphone/status/1542847785161986048,2022-06-25 10:28:02+00:00,2022-07-01 12:29:11+00:00
Go fishing for percussion instrument? (8),"Happy Canada Day to those who celebrate! And happy  as well: CAST A NET (â€œgo fishingâ€) gives you CASTANET, a â€œpercussion instrument.â€ Question mark indicates the not-100%-literal wordplay.",https://twitter.com/stellaphone/status/1540287584106078208,https://twitter.com/stellaphone/status/1542847555851104258,2022-06-24 10:55:51+00:00,2022-07-01 12:28:16+00:00
"Nice, the French device (6)","KINDLE (â€œdeviceâ€) is KIND (â€œniceâ€) plus LE (â€œthe French,â€ or â€œtheâ€ in French).",https://twitter.com/stellaphone/status/1539908607487213568,https://twitter.com/stellaphone/status/1540287054340300801,2022-06-23 09:49:56+00:00,2022-06-24 10:53:45+00:00
"In confusion, ask peer for stereo component (7)","Anagram (â€œin confusionâ€) ASK PEER to get SPEAKER, a â€œstereo component.â€",https://twitter.com/stellaphone/status/1539553287006978048,https://twitter.com/stellaphone/status/1540286852032233474,2022-06-22 10:18:01+00:00,2022-06-24 10:52:57+00:00
"Foodie is inside, testing our metalware (7)",GOURMET is the â€œfoodieâ€ found â€œinsideâ€ the phrase â€œtestinG OUR METalware.â€,https://twitter.com/stellaphone/status/1539190921157390336,https://twitter.com/stellaphone/status/1540286690580905985,2022-06-21 10:18:07+00:00,2022-06-24 10:52:18+00:00
Part of the headâ€™s sacred space (6),"In this double definition, the word TEMPLE is both â€œpart of the headâ€ and a â€œsacred space.â€ Yes, they have different etymologies!",https://twitter.com/stellaphone/status/1538834335339511808,https://twitter.com/stellaphone/status/1540286460624097280,2022-06-20 10:41:10+00:00,2022-06-24 10:51:24+00:00
Bird eating bit of nut is ready to use right away (7),"Tough one! TURNKEY (â€œready to use right away,â€ in a real-estate sense) is TURKEY (â€œbirdâ€) â€œeatingâ€ the letter N. â€œBit ofâ€ is a common indicator phrase meaning â€œtake the first letter of the word that followsâ€ (NUT, in this case).",https://twitter.com/stellaphone/status/1538485284580601857,https://twitter.com/stellaphone/status/1540286285822267394,2022-06-19 11:34:10+00:00,2022-06-24 10:50:42+00:00
"South Carolina superhero: The Hyena, say (9)","SCAVENGER (â€œthe hyena, sayâ€; ignore the deceptive capitalization) is SC (â€œSouth Carolinaâ€) plus AVENGER (â€œsuperheroâ€).",https://twitter.com/stellaphone/status/1538124870382395392,https://twitter.com/stellaphone/status/1540285860851113989,2022-06-18 11:42:00+00:00,2022-06-24 10:49:01+00:00
"Beer, swallowed right, becomes bigger (6)","The typo was LARGER (â€œbiggerâ€), which is LAGER (â€œbeer,â€ the word that was meant on the sign in question) â€œswallowingâ€ the letter R (â€œrightâ€).",https://twitter.com/stellaphone/status/1537750417114898432,https://twitter.com/stellaphone/status/1540285608068878336,2022-06-17 10:54:04+00:00,2022-06-24 10:48:00+00:00
Tell stories about storm (6),"REGALE (â€œtell storiesâ€) is RE (â€œabout,â€ as in the subject line of a memo sense) plus GALE (â€œstormâ€).",https://twitter.com/stellaphone/status/1537373389156933632,https://twitter.com/stellaphone/status/1537749934602076163,2022-06-16 09:55:53+00:00,2022-06-17 10:52:09+00:00
Messy eatersâ€™ holiday (6),EASTER is the â€œholidayâ€ you get from anagramming (â€œmessyâ€) EATERS.,https://twitter.com/stellaphone/status/1537016617162493953,https://twitter.com/stellaphone/status/1537749593429098496,2022-06-15 10:18:12+00:00,2022-06-17 10:50:47+00:00
"Part of the leg is not feeling well, beset by pains (8)","ACHILLES is the â€œpart of the legâ€ you get when ILL (â€œnot feeling wellâ€) is â€œbeset by,â€ or put inside, the word ACHES (â€œpainsâ€).",https://twitter.com/stellaphone/status/1536655294238949376,https://twitter.com/stellaphone/status/1537749431117832192,2022-06-14 10:22:26+00:00,2022-06-17 10:50:09+00:00
Take both sides of dudesâ€™ facial hair (6),"BEAR (â€œtake,â€ in its â€œabideâ€ sense) plus â€œboth sides ofâ€â€”that is, the first and last letters ofâ€”DUDES gives you BEARDS (â€œfacial hairâ€).",https://twitter.com/stellaphone/status/1536288654221533184,https://twitter.com/stellaphone/status/1537749165299716097,2022-06-13 10:05:32+00:00,2022-06-17 10:49:05+00:00
Lady takes possession of California road construction material (7),MACADAM is the â€œroad construction materialâ€ you get when MADAM (â€œladyâ€) â€œtakes possession ofâ€ the letters CA (â€œCaliforniaâ€).,https://twitter.com/stellaphone/status/1535954774994083842,https://twitter.com/stellaphone/status/1537748810440527876,2022-06-12 11:58:49+00:00,2022-06-17 10:47:41+00:00
"A rakish, unusual Colombian (7)",SHAKIRA is the â€œColombianâ€ you get from anagramming (â€œunusualâ€) A RAKISH.,https://twitter.com/stellaphone/status/1535586354955960321,https://twitter.com/stellaphone/status/1537748588796715009,2022-06-11 11:34:51+00:00,2022-06-17 10:46:48+00:00
Boozy card game (5),Itâ€™s time I explained a few things! RUMMY is both â€œboozyâ€ and a â€œcard game.â€ The etymology of the latter appears to be unknown but possibly from the liquor; I decided â€œunknownâ€ was good enough to call it not an etymological dupe.,https://twitter.com/stellaphone/status/1535210088046133248,https://twitter.com/stellaphone/status/1537748449965350912,2022-06-10 10:39:42+00:00,2022-06-17 10:46:15+00:00
Elephant omen masks spirit (7),"PHANTOM is the â€œspiritâ€ thatâ€™s â€œmaskedâ€ by, or hidden in, the phrase â€œelePHANT OMen.â€",https://twitter.com/stellaphone/status/1534839272729194497,https://twitter.com/stellaphone/status/1535209691009130497,2022-06-09 10:06:13+00:00,2022-06-10 10:38:07+00:00
"Double praise, in retrospect (4)",Reverse (â€œin retrospectâ€) the word LAUD (â€œpraiseâ€) to get DUAL (â€œdoubleâ€).,https://twitter.com/stellaphone/status/1534479608179040256,https://twitter.com/stellaphone/status/1535209505591640065,2022-06-08 10:17:02+00:00,2022-06-10 10:37:23+00:00
Singerâ€™s unhappy energy (4),"SADE is the â€œsingerâ€ you get from SAD (â€œunhappyâ€) plus E, an abbreviation for â€œenergy.â€",https://twitter.com/stellaphone/status/1534121713520324608,https://twitter.com/stellaphone/status/1535209322631860233,2022-06-07 10:34:53+00:00,2022-06-10 10:36:39+00:00
Bar bill with rounds is verboten (5),"Add TAB (â€œbar billâ€) to two letter Os (â€œrounds,â€ get it?) to get TABOO (â€œverbotenâ€).",https://twitter.com/stellaphone/status/1533754631020503042,https://twitter.com/stellaphone/status/1535209136639594497,2022-06-06 10:16:14+00:00,2022-06-10 10:35:55+00:00
#150 unit is secure (6),"CL is 150 in Roman numerals; add INCH, a â€œunit,â€ to get CLINCH, or â€œsecureâ€ (in the verb sense).",https://twitter.com/stellaphone/status/1533438630169018368,https://twitter.com/stellaphone/status/1535208949301002243,2022-06-05 13:20:34+00:00,2022-06-10 10:35:10+00:00
Thrive like a staple? (8),"FLOUR is â€œa staple,â€ so â€œlike a staple,â€ not literally (hence the question mark) is FLOUR-ISH, or FLOURISH (â€œthriveâ€).",https://twitter.com/stellaphone/status/1533050634529918985,https://twitter.com/stellaphone/status/1535208729112616960,2022-06-04 11:38:48+00:00,2022-06-10 10:34:18+00:00
Actor Scott seizes railroad neighborhood (6),"Itâ€™s  again! BARRIO is the â€œneighborhoodâ€ you get when BAIO (â€œactor Scottâ€) â€œseizesâ€ RR, the abbreviation for â€œrailroad.â€",https://twitter.com/stellaphone/status/1532674990058917888,https://twitter.com/stellaphone/status/1535208447100297217,2022-06-03 10:46:08+00:00,2022-06-10 10:33:11+00:00
Generate small chess piece (5),"Easiest of the week: SPAWN, or â€œgenerate,â€ is S (â€œsmallâ€) plus PAWN (â€œchess pieceâ€).",https://twitter.com/stellaphone/status/1532305667037577216,https://twitter.com/stellaphone/status/1532674568200011776,2022-06-02 10:18:34+00:00,2022-06-03 10:44:27+00:00
"Cartoon baby, denied opening, becomes collegian in Texas (5)","â€œDeny the openingâ€â€”that is, remove the first letter fromâ€”MAGGIE, a â€œcartoon baby,â€ to get AGGIE, a â€œcollegian in Texas.â€",https://twitter.com/stellaphone/status/1531943060761890816,https://twitter.com/stellaphone/status/1532674247121940480,2022-06-01 10:17:42+00:00,2022-06-03 10:43:10+00:00
"English philosopher is crooked, bad actor (7)",Jeremy BENTHAM is the â€œEnglish philosopherâ€ you get from BENT (â€œcrookedâ€) plus HAM (â€œbad actorâ€).,https://twitter.com/stellaphone/status/1531588161423527936,https://twitter.com/stellaphone/status/1532674000677130244,2022-05-31 10:47:27+00:00,2022-06-03 10:42:12+00:00
"Mailed mayor constituents right now (8,3)","When this clue was posted, â€œright nowâ€ was MEMORIAL DAY, which can be made from the â€œconstituentsâ€ (i.e., anagrammed) of MAILED MAYOR.",https://twitter.com/stellaphone/status/1531240772187586563,https://twitter.com/stellaphone/status/1532673818854293505,2022-05-30 11:47:03+00:00,2022-06-03 10:41:28+00:00
Country of the Spanish invasion of body of water (6),"If you â€œinvadeâ€ POND, a â€œbody of water,â€ with LA (â€œthe Spanish,â€ or â€œtheâ€ in Spanish), you get the â€œcountryâ€ of POLAND.",https://twitter.com/stellaphone/status/1530874877414088704,https://twitter.com/stellaphone/status/1532673622237650944,2022-05-29 11:33:07+00:00,2022-06-03 10:40:41+00:00
Officerâ€™s phrase about the ladies? (7),"A SHE-RIFF is a â€œphrase about the ladies?â€ (The question mark indicates that the wordplay isnâ€™t quite literal.) That gets you SHERIFF, an â€œofficer.â€",https://twitter.com/stellaphone/status/1530512373869600768,https://twitter.com/stellaphone/status/1532673344528691201,2022-05-28 11:32:40+00:00,2022-06-03 10:39:35+00:00
"NBA star with no time doubled up for band (5,5)","Take DURANT (â€œNBA starâ€), remove the T (â€œno timeâ€), and â€œdouble upâ€ the result to get a â€œbandâ€â€”DURAN DURAN.",https://twitter.com/stellaphone/status/1530141366537400320,https://twitter.com/stellaphone/status/1532673017574309890,2022-05-27 10:58:25+00:00,2022-06-03 10:38:17+00:00
"Oil, say, that ladyâ€™s dad (6)","FAT (â€œoil, sayâ€) plus HER (â€œthat ladyâ€™sâ€) gives you FATHER (â€œdadâ€).",https://twitter.com/stellaphone/status/1529767923526533120,https://twitter.com/stellaphone/status/1530141037330583562,2022-05-26 10:14:29+00:00,2022-05-27 10:57:06+00:00
Scare farm animal (3),"In this double definition, COW means both â€œscareâ€ and â€œfarm animal.â€",https://twitter.com/stellaphone/status/1529406580898283521,https://twitter.com/stellaphone/status/1530140883391496192,2022-05-25 10:18:38+00:00,2022-05-27 10:56:29+00:00
App in which successful runners make graffiti hit (9),"INS (â€œsuccessful runners,â€ as in elected politiciansâ€) plus TAG (â€œmake graffitiâ€) plus RAM (â€œhitâ€) makes INSTAGRAM (â€œappâ€).",https://twitter.com/stellaphone/status/1529047141456527360,https://twitter.com/stellaphone/status/1530140770136629248,2022-05-24 10:30:21+00:00,2022-05-27 10:56:02+00:00
"Drag Race EspaÃ±a star â€œButt Sex Royaltyâ€ embraces part of California (3,7)","Couldnâ€™t resist cluing ANA LOCKING (â€œDrag Race EspaÃ±a starâ€) as ANAL KING (â€œbutt sex royaltyâ€) â€œembracingâ€ OC (â€œpart of California,â€ i.e., Orange County).",https://twitter.com/stellaphone/status/1528930812682461184,https://twitter.com/stellaphone/status/1530140544332095490,2022-05-24 02:48:06+00:00,2022-05-27 10:55:09+00:00
Demoralize relative after drive (5),"Place AUNT, a â€œrelative,â€ after the letter D (â€œdriveâ€ as in the car gear) to get DAUNT (â€œdemoralizeâ€).",https://twitter.com/stellaphone/status/1528679859689488397,https://twitter.com/stellaphone/status/1530140171991121921,2022-05-23 10:10:54+00:00,2022-05-27 10:53:40+00:00
"Not for polite company, like data transmission rates on the radio? (5)","BAWDY (â€œnot for polite companyâ€) is a homophone (â€œon the radioâ€) of BAUD-Y (â€œlike data transmission ratesâ€). Once again, the question mark indicates not-quite-literal wordplay.",https://twitter.com/stellaphone/status/1528345756880490501,https://twitter.com/stellaphone/status/1530139946006216704,2022-05-22 12:03:18+00:00,2022-05-27 10:52:46+00:00
"Between Utah and California, one city (5)",Put I (â€œoneâ€) â€œbetweenâ€ UT and CA (the postal abbreviations for Utah and California) to get the â€œcityâ€ of UTICA.,https://twitter.com/stellaphone/status/1527975698824146944,https://twitter.com/stellaphone/status/1530139607995654146,2022-05-21 11:32:49+00:00,2022-05-27 10:51:25+00:00
Give the wrong wig to S&amp;M practitioner? (8),A MISTRESS is the â€œS&amp;M practitionerâ€ you get from MIS-TRESS (â€œgive the wrong wig toâ€). The question mark indicates that the wordplay is not fully literal.,https://twitter.com/stellaphone/status/1527604561313435648,https://twitter.com/stellaphone/status/1530139382094635008,2022-05-20 10:58:03+00:00,2022-05-27 10:50:31+00:00
"Flashy, filled with neutral decoration (7)",GARNISH (â€œdecorationâ€) is GARISH (â€œflashyâ€) â€œfilled withâ€ the letter N (â€œneutralâ€).,https://twitter.com/stellaphone/status/1527244417098211330,https://twitter.com/stellaphone/status/1527604251635195905,2022-05-19 11:06:58+00:00,2022-05-20 10:56:49+00:00
Announced lowland ski resort (4),VAIL is the â€œski resortâ€ thatâ€™s a homophone (â€œannouncedâ€) of VALE (â€œlowlandâ€).,https://twitter.com/stellaphone/status/1526868577663467522,https://twitter.com/stellaphone/status/1527603984747331584,2022-05-18 10:13:31+00:00,2022-05-20 10:55:46+00:00
Possesses that guyâ€™s hospital drug (7),HASHISH (â€œdrugâ€) is HAS (â€œpossessesâ€) plus HIS (â€œthat guyâ€™sâ€) plus H (â€œhospitalâ€).,https://twitter.com/stellaphone/status/1526513371511758848,https://twitter.com/stellaphone/status/1527603780988063745,2022-05-17 10:42:03+00:00,2022-05-20 10:54:57+00:00
Elude a general explosion in addictive online pastime (13),"Anagram (â€œexplosionâ€) ELUDE A GENERAL to get LEARNEDLEAGUE, an â€œaddictive online pastime.â€ @LearnedLeague",https://twitter.com/stellaphone/status/1526150628908703744,https://twitter.com/stellaphone/status/1527603573114122240,2022-05-16 10:40:39+00:00,2022-05-20 10:54:07+00:00
Wager nothing for Texas gubernatorial candidate (4),"BETO (â€œTexas gubernatorial candidateâ€) is BET (â€œwagerâ€) plus O (â€œnothing,â€ as in zero).",https://twitter.com/stellaphone/status/1525817807396642817,https://twitter.com/stellaphone/status/1527603363134820352,2022-05-15 12:38:08+00:00,2022-05-20 10:53:17+00:00
"Rude dudeâ€™s body odor, orâ€¦? (4)",BOOR (â€œrude dudeâ€ is BO (â€œbody odorâ€) plus OR (given in the clue).,https://twitter.com/stellaphone/status/1525448779364806656,https://twitter.com/stellaphone/status/1527603185812180992,2022-05-14 12:11:45+00:00,2022-05-20 10:52:35+00:00
"At the crack of ass, in the manner of a part of the head? (5)","EARLY (â€œat the crack of ass,â€ which is when I had to get up for my surgery last week) is EAR-LY, or â€œin the manner of a part of the head?â€ The question mark indicates non-literal wordplay.",https://twitter.com/stellaphone/status/1525045218357157889,https://twitter.com/stellaphone/status/1527603025266847744,2022-05-13 09:28:08+00:00,2022-05-20 10:51:57+00:00
"Actress rearranged petunia plot (5,6)","â€œRearrange,â€ or anagram, PETUNIA PLOT to get PATTI LUPONE, an â€œactress.â€",https://twitter.com/stellaphone/status/1524690677338185728,https://twitter.com/stellaphone/status/1524875708476047361,2022-05-12 09:59:19+00:00,2022-05-12 22:14:34+00:00
Drunken pal loses the fifth (5),"Remove the fifth letter (â€œloses the fifthâ€) from FRIEND to get FRIED, or â€œdrunken.â€",https://twitter.com/stellaphone/status/1524331983131787264,https://twitter.com/stellaphone/status/1524875557514661888,2022-05-11 10:14:00+00:00,2022-05-12 22:13:58+00:00
Florence Westâ€™s movement (4),Add FLO (â€œFlorenceâ€) to W (â€œWestâ€) to get FLOW (â€œmovementâ€).,https://twitter.com/stellaphone/status/1523974556674895872,https://twitter.com/stellaphone/status/1524875433224847361,2022-05-10 10:33:43+00:00,2022-05-12 22:13:28+00:00
Mythical creature to take forever (6),DRAGON is a â€œmythical creatureâ€ you get from DRAG ON (â€œto take foreverâ€).,https://twitter.com/stellaphone/status/1523605529461141504,https://twitter.com/stellaphone/status/1524875302874370048,2022-05-09 10:07:20+00:00,2022-05-12 22:12:57+00:00
"Newsworthy winner tricks heir deviously (4,6)",RICH STRIKE is the â€œnewsworthy winnerâ€ (of the Kentucky Derby) that you get from anagramming (â€œdeviouslyâ€) TRICKS HEIR.,https://twitter.com/stellaphone/status/1523272000789225475,https://twitter.com/stellaphone/status/1524875134095466498,2022-05-08 12:02:00+00:00,2022-05-12 22:12:17+00:00
Plant sauce (4),"In this double definition, MOLE is a â€œplantâ€ (as in a spy) and a â€œsauceâ€ (in its two syllable form).",https://twitter.com/stellaphone/status/1522902039327649793,https://twitter.com/stellaphone/status/1524874078586298382,2022-05-07 11:31:54+00:00,2022-05-12 22:08:05+00:00
Burn is Motherâ€™s attractive quality (8),"Hi folks, Iâ€™m having surgery very early tomorrow morning, so  starts now. CHARISMA (â€œattractive qualityâ€) is CHAR (â€œburnâ€) plus IS (given in the clue) plus MA (â€œMotherâ€).",https://twitter.com/stellaphone/status/1522523041573613570,https://twitter.com/stellaphone/status/1524873673093664768,2022-05-06 10:25:54+00:00,2022-05-12 22:06:29+00:00
